<?xml version="1.0" encoding="UTF-8"?><CodeSystem xmlns="http://hl7.org/fhir"><id value="fr-core-cs-v2-0203"/><meta><profile value="http://hl7.org/fhir/StructureDefinition/shareablecodesystem"/></meta><text><status value="generated"/><div xmlns="http://www.w3.org/1999/xhtml"><p>This case-sensitive code system <code>https://hl7.fr/ig/fhir/core/CodeSystem/fr-core-cs-v2-0203</code> defines the following codes:</p><table class="codes"><tr><td style="white-space:nowrap"><b>Code</b></td><td><b>Display</b></td></tr><tr><td style="white-space:nowrap">ADELI<a name="fr-core-cs-v2-0203-ADELI"> </a></td><td>N° ADELI</td></tr><tr><td style="white-space:nowrap">RPPS<a name="fr-core-cs-v2-0203-RPPS"> </a></td><td>N° RPPS</td></tr><tr><td style="white-space:nowrap">IDNPS<a name="fr-core-cs-v2-0203-IDNPS"> </a></td><td>Identifiant National de Professionnel de Santé</td></tr><tr><td style="white-space:nowrap">NNFRA<a name="fr-core-cs-v2-0203-NNFRA"> </a></td><td>National Person Identifier where the FRA is the ISO table 3166 3-character (alphabetic) country code</td></tr><tr><td style="white-space:nowrap">NDP<a name="fr-core-cs-v2-0203-NDP"> </a></td><td>Identifiant du patient au Dossier Pharmaceutique</td></tr><tr><td style="white-space:nowrap">INS-C<a name="fr-core-cs-v2-0203-INS-C"> </a></td><td>Identifiant National de Santé Calculé</td></tr><tr><td style="white-space:nowrap">INS-NIA<a name="fr-core-cs-v2-0203-INS-NIA"> </a></td><td>NIR temporaire</td></tr><tr><td style="white-space:nowrap">INS-NIR<a name="fr-core-cs-v2-0203-INS-NIR"> </a></td><td>NIR définitif</td></tr><tr><td style="white-space:nowrap">FINEJ<a name="fr-core-cs-v2-0203-FINEJ"> </a></td><td>FINESS d'entité juridique</td></tr><tr><td style="white-space:nowrap">FINEG<a name="fr-core-cs-v2-0203-FINEG"> </a></td><td>FINESS d'entité géographique</td></tr><tr><td style="white-space:nowrap">SIREN<a name="fr-core-cs-v2-0203-SIREN"> </a></td><td>Identification de l'organisation au SIREN</td></tr><tr><td style="white-space:nowrap">SIRET<a name="fr-core-cs-v2-0203-SIRET"> </a></td><td>Identification de l'organisation au SIRET</td></tr><tr><td style="white-space:nowrap">IDNST<a name="fr-core-cs-v2-0203-IDNST"> </a></td><td>Identification nationale de structure définie par l’ASIP-SANTE dans le CI_SIS</td></tr><tr><td style="white-space:nowrap">INTRN<a name="fr-core-cs-v2-0203-INTRN"> </a></td><td>Identifiant interne</td></tr><tr><td style="white-space:nowrap">EXTRN<a name="fr-core-cs-v2-0203-EXTRN"> </a></td><td>Identifiant externe</td></tr></table></div></text><url value="https://hl7.fr/ig/fhir/core/CodeSystem/fr-core-cs-v2-0203"/><version value="2.0.0"/><name value="FRCoreCodeSystemv2_0203"/><title value="FR Core CodeSystem v2-0203"/><status value="draft"/><experimental value="false"/><date value="2024-02-20T09:47:43+01:00"/><publisher value="Interop'Santé"/><contact><name value="Interop'Santé"/><telecom><system value="url"/><value value="http://interopsante.org/"/></telecom></contact><contact><name value="InteropSanté"/><telecom><system value="email"/><value value="fhir@interopsante.org"/><use value="work"/></telecom></contact><description value="HL7 v2 - Identifier type"/><jurisdiction><coding><system value="urn:iso:std:iso:3166"/><code value="FR"/><display value="France"/></coding></jurisdiction><caseSensitive value="true"/><content value="complete"/><count value="15"/><concept><code value="ADELI"/><display value="N° ADELI"/></concept><concept><code value="RPPS"/><display value="N° RPPS"/></concept><concept><code value="IDNPS"/><display value="Identifiant National de Professionnel de Santé"/></concept><concept><code value="NNFRA"/><display value="National Person Identifier where the FRA is the ISO table 3166 3-character (alphabetic) country code"/></concept><concept><code value="NDP"/><display value="Identifiant du patient au Dossier Pharmaceutique"/></concept><concept><code value="INS-C"/><display value="Identifiant National de Santé Calculé"/></concept><concept><code value="INS-NIA"/><display value="NIR temporaire"/></concept><concept><code value="INS-NIR"/><display value="NIR définitif"/></concept><concept><code value="FINEJ"/><display value="FINESS d'entité juridique"/></concept><concept><code value="FINEG"/><display value="FINESS d'entité géographique"/></concept><concept><code value="SIREN"/><display value="Identification de l'organisation au SIREN"/></concept><concept><code value="SIRET"/><display value="Identification de l'organisation au SIRET"/></concept><concept><code value="IDNST"/><display value="Identification nationale de structure définie par l’ASIP-SANTE dans le CI_SIS"/></concept><concept><code value="INTRN"/><display value="Identifiant interne"/></concept><concept><code value="EXTRN"/><display value="Identifiant externe"/></concept></CodeSystem>