<?xml version="1.0" encoding="UTF-8"?><CodeSystem xmlns="http://hl7.org/fhir"><id value="fr-core-cs-circonstances-sortie"/><meta><profile value="http://hl7.org/fhir/StructureDefinition/shareablecodesystem"/></meta><text><status value="generated"/><div xmlns="http://www.w3.org/1999/xhtml"><p>This case-sensitive code system <code>https://hl7.fr/ig/fhir/core/CodeSystem/fr-core-cs-circonstances-sortie</code> defines the following codes:</p><table class="codes"><tr><td style="white-space:nowrap"><b>Code</b></td><td><b>Display</b></td></tr><tr><td style="white-space:nowrap">2<a name="fr-core-cs-circonstances-sortie-2"> </a></td><td>Mesure disciplinaire</td></tr><tr><td style="white-space:nowrap">3<a name="fr-core-cs-circonstances-sortie-3"> </a></td><td>Décision médicale</td></tr><tr><td style="white-space:nowrap">4<a name="fr-core-cs-circonstances-sortie-4"> </a></td><td>Contre avis médical</td></tr><tr><td style="white-space:nowrap">5<a name="fr-core-cs-circonstances-sortie-5"> </a></td><td>en attente d'examen</td></tr><tr><td style="white-space:nowrap">6<a name="fr-core-cs-circonstances-sortie-6"> </a></td><td>Convenance personnelle</td></tr><tr><td style="white-space:nowrap">R<a name="fr-core-cs-circonstances-sortie-R"> </a></td><td>Essai (contexte psychiatrique)</td></tr><tr><td style="white-space:nowrap">E<a name="fr-core-cs-circonstances-sortie-E"> </a></td><td>Evasion</td></tr><tr><td style="white-space:nowrap">F<a name="fr-core-cs-circonstances-sortie-F"> </a></td><td>Fugue</td></tr><tr><td style="white-space:nowrap">A<a name="fr-core-cs-circonstances-sortie-A"> </a></td><td>Absence ( &lt; 12h)</td></tr><tr><td style="white-space:nowrap">P<a name="fr-core-cs-circonstances-sortie-P"> </a></td><td>Permission ( &lt;72h)</td></tr><tr><td style="white-space:nowrap">S<a name="fr-core-cs-circonstances-sortie-S"> </a></td><td>Sortie avec programme de soins</td></tr><tr><td style="white-space:nowrap">B<a name="fr-core-cs-circonstances-sortie-B"> </a></td><td>Départ vers MCO</td></tr><tr><td style="white-space:nowrap">REO<a name="fr-core-cs-circonstances-sortie-REO"> </a></td><td>Réorientation</td></tr><tr><td style="white-space:nowrap">PSA<a name="fr-core-cs-circonstances-sortie-PSA"> </a></td><td>Patient parti sans attendre les soins</td></tr></table></div></text><url value="https://hl7.fr/ig/fhir/core/CodeSystem/fr-core-cs-circonstances-sortie"/><version value="2.0.0"/><name value="FRCoreCodeSystemCirconstancesSortie"/><title value="FR Core CodeSystem Circonstances Sortie"/><status value="draft"/><experimental value="false"/><date value="2024-02-20T09:47:43+01:00"/><publisher value="Interop'Santé"/><contact><name value="Interop'Santé"/><telecom><system value="url"/><value value="http://interopsante.org/"/></telecom></contact><contact><name value="InteropSanté"/><telecom><system value="email"/><value value="fhir@interopsante.org"/><use value="work"/></telecom></contact><description value="Discharge Disposition"/><jurisdiction><coding><system value="urn:iso:std:iso:3166"/><code value="FR"/><display value="France"/></coding></jurisdiction><caseSensitive value="true"/><content value="complete"/><count value="14"/><concept><code value="2"/><display value="Mesure disciplinaire"/></concept><concept><code value="3"/><display value="Décision médicale"/></concept><concept><code value="4"/><display value="Contre avis médical"/></concept><concept><code value="5"/><display value="en attente d'examen"/></concept><concept><code value="6"/><display value="Convenance personnelle"/></concept><concept><code value="R"/><display value="Essai (contexte psychiatrique)"/></concept><concept><code value="E"/><display value="Evasion"/></concept><concept><code value="F"/><display value="Fugue"/></concept><concept><code value="A"/><display value="Absence ( &lt; 12h)"/></concept><concept><code value="P"/><display value="Permission ( &lt;72h)"/></concept><concept><code value="S"/><display value="Sortie avec programme de soins"/></concept><concept><code value="B"/><display value="Départ vers MCO"/></concept><concept><code value="REO"/><display value="Réorientation"/></concept><concept><code value="PSA"/><display value="Patient parti sans attendre les soins"/></concept></CodeSystem>