<?xml version="1.0" encoding="UTF-8"?><CodeSystem xmlns="http://hl7.org/fhir"><id value="fr-core-cs-v2-0445"/><meta><profile value="http://hl7.org/fhir/StructureDefinition/shareablecodesystem"/></meta><text><status value="generated"/><div xmlns="http://www.w3.org/1999/xhtml"><p>This case-sensitive code system <code>https://hl7.fr/ig/fhir/core/CodeSystem/fr-core-cs-v2-0445</code> defines the following codes:</p><table class="codes"><tr><td style="white-space:nowrap"><b>Code</b></td><td><b>Display</b></td></tr><tr><td style="white-space:nowrap">VIDE<a name="fr-core-cs-v2-0445-VIDE"> </a></td><td>Identité non encore qualifiée</td></tr><tr><td style="white-space:nowrap">PROV<a name="fr-core-cs-v2-0445-PROV"> </a></td><td>Identité provisoire</td></tr><tr><td style="white-space:nowrap">VALI<a name="fr-core-cs-v2-0445-VALI"> </a></td><td>Identité validée</td></tr><tr><td style="white-space:nowrap">DOUB<a name="fr-core-cs-v2-0445-DOUB"> </a></td><td>Doublon</td></tr><tr><td style="white-space:nowrap">DESA<a name="fr-core-cs-v2-0445-DESA"> </a></td><td>Identité désactivée</td></tr><tr><td style="white-space:nowrap">DPOT<a name="fr-core-cs-v2-0445-DPOT"> </a></td><td>Doublon potentiel</td></tr><tr><td style="white-space:nowrap">DOUA<a name="fr-core-cs-v2-0445-DOUA"> </a></td><td>Doublon avéré</td></tr><tr><td style="white-space:nowrap">COLP<a name="fr-core-cs-v2-0445-COLP"> </a></td><td>Collision potentielle</td></tr><tr><td style="white-space:nowrap">COLV<a name="fr-core-cs-v2-0445-COLV"> </a></td><td>Collision avérée</td></tr><tr><td style="white-space:nowrap">FILI<a name="fr-core-cs-v2-0445-FILI"> </a></td><td>Filiation</td></tr><tr><td style="white-space:nowrap">CACH<a name="fr-core-cs-v2-0445-CACH"> </a></td><td>Identité cachée</td></tr><tr><td style="white-space:nowrap">ANOM<a name="fr-core-cs-v2-0445-ANOM"> </a></td><td>Anonyme</td></tr><tr><td style="white-space:nowrap">IDVER<a name="fr-core-cs-v2-0445-IDVER"> </a></td><td>Identité vérifiée par le patient</td></tr><tr><td style="white-space:nowrap">RECD<a name="fr-core-cs-v2-0445-RECD"> </a></td><td>Identité reçue d'un autre domaine</td></tr><tr><td style="white-space:nowrap">IDRA<a name="fr-core-cs-v2-0445-IDRA"> </a></td><td>Identité rapprochée dans un autre domaine</td></tr><tr><td style="white-space:nowrap">USUR<a name="fr-core-cs-v2-0445-USUR"> </a></td><td>Identité usurpée</td></tr><tr><td style="white-space:nowrap">HOMD<a name="fr-core-cs-v2-0445-HOMD"> </a></td><td>Homonyme détecté</td></tr><tr><td style="white-space:nowrap">HOMA<a name="fr-core-cs-v2-0445-HOMA"> </a></td><td>Homonyme avéré</td></tr><tr><td style="white-space:nowrap">INVA<a name="fr-core-cs-v2-0445-INVA"> </a></td><td>Identité invalidée</td></tr><tr><td style="white-space:nowrap">FICT<a name="fr-core-cs-v2-0445-FICT"> </a></td><td>Identité fictive (Attribut d’identité « fictive »)</td></tr><tr><td style="white-space:nowrap">DOUT<a name="fr-core-cs-v2-0445-DOUT"> </a></td><td>Identité douteuse (Attribut d’identité « douteuse »)</td></tr></table></div></text><url value="https://hl7.fr/ig/fhir/core/CodeSystem/fr-core-cs-v2-0445"/><version value="2.0.0-ballot"/><name value="FRCoreCodeSystemv2_0445"/><title value="FR Core CodeSystem v2-0445"/><status value="draft"/><experimental value="false"/><date value="2024-02-20T11:21:14+01:00"/><publisher value="Interop'Santé"/><contact><name value="Interop'Santé"/><telecom><system value="url"/><value value="http://interopsante.org/"/></telecom></contact><contact><name value="InteropSanté"/><telecom><system value="email"/><value value="fhir@interopsante.org"/><use value="work"/></telecom></contact><description value="HL7 v2 - Table 0445"/><jurisdiction><coding><system value="urn:iso:std:iso:3166"/><code value="FR"/><display value="France"/></coding></jurisdiction><caseSensitive value="true"/><content value="complete"/><count value="21"/><concept><code value="VIDE"/><display value="Identité non encore qualifiée"/></concept><concept><code value="PROV"/><display value="Identité provisoire"/></concept><concept><code value="VALI"/><display value="Identité validée"/></concept><concept><code value="DOUB"/><display value="Doublon"/></concept><concept><code value="DESA"/><display value="Identité désactivée"/></concept><concept><code value="DPOT"/><display value="Doublon potentiel"/></concept><concept><code value="DOUA"/><display value="Doublon avéré"/></concept><concept><code value="COLP"/><display value="Collision potentielle"/></concept><concept><code value="COLV"/><display value="Collision avérée"/></concept><concept><code value="FILI"/><display value="Filiation"/></concept><concept><code value="CACH"/><display value="Identité cachée"/></concept><concept><code value="ANOM"/><display value="Anonyme"/></concept><concept><code value="IDVER"/><display value="Identité vérifiée par le patient"/></concept><concept><code value="RECD"/><display value="Identité reçue d'un autre domaine"/></concept><concept><code value="IDRA"/><display value="Identité rapprochée dans un autre domaine"/></concept><concept><code value="USUR"/><display value="Identité usurpée"/></concept><concept><code value="HOMD"/><display value="Homonyme détecté"/></concept><concept><code value="HOMA"/><display value="Homonyme avéré"/></concept><concept><code value="INVA"/><display value="Identité invalidée"/></concept><concept><code value="FICT"/><display value="Identité fictive (Attribut d’identité « fictive »)"/></concept><concept><code value="DOUT"/><display value="Identité douteuse (Attribut d’identité « douteuse »)"/></concept></CodeSystem>