<?xml version="1.0" encoding="UTF-8"?><ValueSet xmlns="http://hl7.org/fhir"><id value="fr-core-vs-practitioner-role-profession"/><meta><profile value="http://hl7.org/fhir/StructureDefinition/shareablevalueset"/></meta><text><status value="generated"/><div xmlns="http://www.w3.org/1999/xhtml"><p>This value set includes codes based on the following rules:</p><ul><li>Include all codes defined in <a href="https://interop.esante.gouv.fr/ig/nos/1.2.0/CodeSystem-TRE-G15-ProfessionSante.html"><code>https://mos.esante.gouv.fr/NOS/TRE_G15-ProfessionSante/FHIR/TRE-G15-ProfessionSante</code></a></li><li>Include all codes defined in <a href="https://interop.esante.gouv.fr/ig/nos/1.2.0/CodeSystem-TRE-R95-UsagerTitre.html"><code>https://mos.esante.gouv.fr/NOS/TRE_R95-UsagerTitre/FHIR/TRE-R95-UsagerTitre</code></a></li><li>Include all codes defined in <a href="https://interop.esante.gouv.fr/ig/nos/1.2.0/CodeSystem-TRE-R94-ProfessionSocial.html"><code>https://mos.esante.gouv.fr/NOS/TRE_R94-ProfessionSocial/FHIR/TRE-R94-ProfessionSocial</code></a></li><li>Include all codes defined in <a href="https://interop.esante.gouv.fr/ig/nos/1.2.0/CodeSystem-TRE-R291-AutreProfession.html"><code>https://mos.esante.gouv.fr/NOS/TRE_R291-AutreProfession/FHIR/TRE-R291-AutreProfession</code></a></li></ul></div></text><url value="https://hl7.fr/ig/fhir/core/ValueSet/fr-core-vs-practitioner-role-profession"/><version value="2.0.0"/><name value="FRCoreValueSetPractitionerRoleProfession"/><title value="FR Core ValueSet PractitionerRole Profession"/><status value="active"/><experimental value="false"/><date value="2024-03-25T12:26:12+01:00"/><publisher value="Interop'Santé"/><contact><name value="Interop'Santé"/><telecom><system value="url"/><value value="http://interopsante.org/"/></telecom></contact><contact><name value="InteropSanté"/><telecom><system value="email"/><value value="fhir@interopsante.org"/><use value="work"/></telecom></contact><description value="The profession(s) of the practitioner."/><jurisdiction><coding><system value="urn:iso:std:iso:3166"/><code value="FR"/><display value="France"/></coding></jurisdiction><immutable value="true"/><compose><include><system value="https://mos.esante.gouv.fr/NOS/TRE_G15-ProfessionSante/FHIR/TRE-G15-ProfessionSante"/></include><include><system value="https://mos.esante.gouv.fr/NOS/TRE_R95-UsagerTitre/FHIR/TRE-R95-UsagerTitre"/></include><include><system value="https://mos.esante.gouv.fr/NOS/TRE_R94-ProfessionSocial/FHIR/TRE-R94-ProfessionSocial"/></include><include><system value="https://mos.esante.gouv.fr/NOS/TRE_R291-AutreProfession/FHIR/TRE-R291-AutreProfession"/></include></compose></ValueSet>