<?xml version="1.0" encoding="UTF-8"?><ValueSet xmlns="http://hl7.org/fhir"><id value="fr-core-vs-identity-method-collection"/><meta><profile value="http://hl7.org/fhir/StructureDefinition/shareablevalueset"/></meta><text><status value="generated"/><div xmlns="http://www.w3.org/1999/xhtml"><ul><li>Include all codes defined in <a href="CodeSystem-fr-core-cs-method-collection.html"><code>https://hl7.fr/ig/fhir/core/CodeSystem/fr-core-cs-method-collection</code></a></li></ul></div></text><url value="https://hl7.fr/ig/fhir/core/ValueSet/fr-core-vs-identity-method-collection"/><identifier><system value="http://interopsante.org/fhir/ValueSet"/><value value="urn:oid:2.16.840.1.113883.2.8.1.3.31"/></identifier><version value="2.0.0-ballot"/><name value="FRCoreValueSetIdentityMethodCollection"/><title value="FR Core ValueSet Identity method collection"/><status value="draft"/><experimental value="false"/><date value="2024-02-20T11:21:14+01:00"/><publisher value="Interop'Santé"/><contact><name value="Interop'Santé"/><telecom><system value="url"/><value value="http://interopsante.org/"/></telecom></contact><contact><name value="InteropSanté"/><telecom><system value="email"/><value value="fhir@interopsante.org"/><use value="work"/></telecom></contact><description value="The validation mode of the identity."/><jurisdiction><coding><system value="urn:iso:std:iso:3166"/><code value="FR"/><display value="France"/></coding></jurisdiction><immutable value="true"/><compose><include><system value="https://hl7.fr/ig/fhir/core/CodeSystem/fr-core-cs-method-collection"/></include></compose></ValueSet>