<?xml version="1.0" encoding="UTF-8"?><ValueSet xmlns="http://hl7.org/fhir"><id value="fr-core-vs-schedule-unavailability-reason"/><meta><profile value="http://hl7.org/fhir/StructureDefinition/shareablevalueset"/></meta><text><status value="generated"/><div xmlns="http://www.w3.org/1999/xhtml"><ul><li>Include these codes as defined in <a href="CodeSystem-fr-core-cs-schedule-type.html"><code>https://hl7.fr/ig/fhir/core/CodeSystem/fr-core-cs-schedule-type</code></a><table class="none"><tr><td style="white-space:nowrap"><b>XXXX</b></td><td><b>XXXX</b></td></tr><tr><td><a href="CodeSystem-fr-core-cs-schedule-type.html#fr-core-cs-schedule-type-busy-unavailable">busy-unavailable</a></td><td>Indisponibilité</td></tr></table></li></ul></div></text><extension url="http://hl7.org/fhir/StructureDefinition/valueset-warning"><valueMarkdown value="Unavailability-reason"/></extension><extension url="http://hl7.org/fhir/StructureDefinition/structuredefinition-standards-status"><valueCode value="informative"/></extension><extension url="http://hl7.org/fhir/StructureDefinition/structuredefinition-fmm"><valueInteger value="1"/></extension><extension url="http://hl7.org/fhir/StructureDefinition/structuredefinition-wg"><valueCode value="fhir"/></extension><url value="https://hl7.fr/ig/fhir/core/ValueSet/fr-core-vs-schedule-unavailability-reason"/><version value="2.0.1"/><name value="FRCoreValueSetUnavailabilityReason"/><title value="FR Core ValueSet Unavailability Reason"/><status value="active"/><experimental value="false"/><date value="2024-04-16T11:49:14+02:00"/><publisher value="Interop'Santé"/><contact><name value="Interop'Santé"/><telecom><system value="url"/><value value="http://interopsante.org/"/></telecom></contact><contact><name value="InteropSanté"/><telecom><system value="email"/><value value="fhir@interopsante.org"/><use value="work"/></telecom></contact><description value="Raison d'indisponibilité"/><jurisdiction><coding><system value="urn:iso:std:iso:3166"/><code value="FR"/><display value="France"/></coding></jurisdiction><compose><include><system value="https://hl7.fr/ig/fhir/core/CodeSystem/fr-core-cs-schedule-type"/><concept><code value="busy-unavailable"/><display value="Indisponibilité"/></concept></include></compose></ValueSet>