<?xml version="1.0" encoding="UTF-8"?>

<ValueSet xmlns="http://hl7.org/fhir">
  <id value="fr-core-vs-organization-uf-activity-field"/>
  <meta>
    <profile value="http://hl7.org/fhir/StructureDefinition/shareablevalueset"/>
  </meta>
  <text>
    <status value="generated"/><div xmlns="http://www.w3.org/1999/xhtml"><p class="res-header-id"><b>Generated Narrative: ValueSet fr-core-vs-organization-uf-activity-field</b></p><a name="fr-core-vs-organization-uf-activity-field"> </a><a name="hcfr-core-vs-organization-uf-activity-field"> </a><a name="fr-core-vs-organization-uf-activity-field-fr-FR"> </a><ul><li>Include these codes as defined in <a href="CodeSystem-fr-core-cs-v2-3311.html"><code>https://hl7.fr/ig/fhir/core/CodeSystem/fr-core-cs-v2-3311</code></a><table class="none"><tr><td style="white-space:nowrap"><b>Code</b></td><td><b>Display</b></td></tr><tr><td><a href="CodeSystem-fr-core-cs-v2-3311.html#fr-core-cs-v2-3311-MCO">MCO</a></td><td>MCO</td></tr><tr><td><a href="CodeSystem-fr-core-cs-v2-3311.html#fr-core-cs-v2-3311-SSR">SSR</a></td><td>SSR</td></tr><tr><td><a href="CodeSystem-fr-core-cs-v2-3311.html#fr-core-cs-v2-3311-HD">HD</a></td><td>HAD</td></tr><tr><td><a href="CodeSystem-fr-core-cs-v2-3311.html#fr-core-cs-v2-3311-EHPD">EHPD</a></td><td>EHPAD</td></tr><tr><td><a href="CodeSystem-fr-core-cs-v2-3311.html#fr-core-cs-v2-3311-LG_SJR">LG_SJR</a></td><td>Long séjour</td></tr><tr><td><a href="CodeSystem-fr-core-cs-v2-3311.html#fr-core-cs-v2-3311-MSN_RTRT">MSN_RTRT</a></td><td>Maison de retraite</td></tr><tr><td><a href="CodeSystem-fr-core-cs-v2-3311.html#fr-core-cs-v2-3311-PSY">PSY</a></td><td>Psy</td></tr><tr><td><a href="CodeSystem-fr-core-cs-v2-3311.html#fr-core-cs-v2-3311-URG">URG</a></td><td>Urgence</td></tr></table></li></ul></div>
  </text>
  <extension url="http://hl7.org/fhir/StructureDefinition/valueset-warning">
    <valueMarkdown value="Types are for general categories of identifiers. See [the identifier registry](identifier-registry.h     tml) for a list of common identifier systems"/>
  </extension>
  <extension url="http://hl7.org/fhir/StructureDefinition/structuredefinition-standards-status">
    <valueCode value="informative"/>
  </extension>
  <extension url="http://hl7.org/fhir/StructureDefinition/structuredefinition-fmm">
    <valueInteger value="1"/>
  </extension>
  <extension url="http://hl7.org/fhir/StructureDefinition/structuredefinition-wg">
    <valueCode value="fhir"/>
  </extension>
  <url value="https://hl7.fr/ig/fhir/core/ValueSet/fr-core-vs-organization-uf-activity-field"/>
  <version value="2.1.0"/>
  <name value="FRCoreValueSetOrganizationUFActivityField"/>
  <title value="FR Core ValueSet Organization UF activity field"/>
  <status value="draft"/>
  <experimental value="false"/>
  <date value="2024-09-04T09:58:56+02:00"/>
  <publisher value="Interop'Santé"/>
  <contact>
    <name value="Interop'Santé"/>
    <telecom>
      <system value="url"/>
      <value value="http://interopsante.org/"/>
    </telecom>
  </contact>
  <contact>
    <name value="InteropSanté"/>
    <telecom>
      <system value="email"/>
      <value value="fhir@interopsante.org"/>
      <use value="work"/>
    </telecom>
  </contact>
  <description value="Organization UF activity field | Champ d'activité des structures UF"/>
  <jurisdiction>
    <coding>
      <system value="urn:iso:std:iso:3166"/>
      <code value="FR"/>
      <display value="France"/>
    </coding>
  </jurisdiction>
  <compose>
    <include>
      <system value="https://hl7.fr/ig/fhir/core/CodeSystem/fr-core-cs-v2-3311"/>
      <concept>
        <code value="MCO"/>
        <display value="MCO"/>
      </concept>
      <concept>
        <code value="SSR"/>
        <display value="SSR"/>
      </concept>
      <concept>
        <code value="HD"/>
        <display value="HAD"/>
      </concept>
      <concept>
        <code value="EHPD"/>
        <display value="EHPAD"/>
      </concept>
      <concept>
        <code value="LG_SJR"/>
        <display value="Long séjour"/>
      </concept>
      <concept>
        <code value="MSN_RTRT"/>
        <display value="Maison de retraite"/>
      </concept>
      <concept>
        <code value="PSY"/>
        <display value="Psy"/>
      </concept>
      <concept>
        <code value="URG"/>
        <display value="Urgence"/>
      </concept>
    </include>
  </compose>
</ValueSet>