{
  "resourceType" : "CodeSystem",
  "id" : "f542971e-3448-4848-8318-62a3018418fd-26",
  "url" : "http://hl7.org/fhir/comparison/CodeSystem/f542971e-3448-4848-8318-62a3018418fd-26",
  "name" : "UnionFRCoreCodeSystemMaritalStatusAndFRCoreCodeSystemMaritalStatus",
  "title" : "Union of FR Core CodeSystem Marital Status And FR Core CodeSystem Marital Status",
  "status" : "draft",
  "date" : "2025-11-17T13:40:22+01:00",
  "jurisdiction" : [{
    "coding" : [{
      "system" : "urn:iso:std:iso:3166",
      "code" : "FR",
      "display" : "France"
    }]
  }],
  "concept" : [{
    "code" : "PACS",
    "display" : "PACS",
    "definition" : "PACS"
  }]
}