{
  "resourceType" : "ValueSet",
  "id" : "fr-core-vs-insee-code",
  "meta" : {
    "profile" : ["http://hl7.org/fhir/StructureDefinition/shareablevalueset"]
  },
  "text" : {
    "status" : "generated",
    "div" : "<div xmlns=\"http://www.w3.org/1999/xhtml\"><ul><li>Include all codes defined in <code>https://mos.esante.gouv.fr/NOS/TRE_R13-Commune/FHIR/TRE-R13-Commune</code></li></ul></div>"
  },
  "url" : "https://hl7.fr/ig/fhir/core/ValueSet/fr-core-vs-insee-code",
  "identifier" : [{
    "system" : "http://interopsante.org/fhir/ValueSet",
    "value" : "urn:oid:2.16.840.1.113883.2.8.1.3.4"
  }],
  "version" : "2.0.0",
  "name" : "FRCoreValueSetINSEECode",
  "title" : "FR Core ValueSet INSEE code",
  "status" : "active",
  "experimental" : false,
  "date" : "2024-03-25T12:19:18+01:00",
  "publisher" : "Interop'Santé",
  "contact" : [{
    "name" : "Interop'Santé",
    "telecom" : [{
      "system" : "url",
      "value" : "http://interopsante.org/"
    }]
  },
  {
    "name" : "InteropSanté",
    "telecom" : [{
      "system" : "email",
      "value" : "fhir@interopsante.org",
      "use" : "work"
    }]
  }],
  "description" : "the French Address Insee Codes",
  "jurisdiction" : [{
    "coding" : [{
      "system" : "urn:iso:std:iso:3166",
      "code" : "FR",
      "display" : "France"
    }]
  }],
  "compose" : {
    "include" : [{
      "system" : "https://mos.esante.gouv.fr/NOS/TRE_R13-Commune/FHIR/TRE-R13-Commune"
    }]
  }
}