<?xml version="1.0" encoding="UTF-8"?><CodeSystem xmlns="http://hl7.org/fhir"><id value="fr-core-cs-schedule-type"/><meta><profile value="http://hl7.org/fhir/StructureDefinition/shareablecodesystem"/></meta><text><status value="generated"/><div xmlns="http://www.w3.org/1999/xhtml"><p>This case-sensitive code system <code>https://hl7.fr/ig/fhir/core/CodeSystem/fr-core-cs-schedule-type</code> defines the following codes:</p><table class="codes"><tr><td style="white-space:nowrap"><b>Code</b></td><td><b>Display</b></td></tr><tr><td style="white-space:nowrap">busy-unavailable<a name="fr-core-cs-schedule-type-busy-unavailable"> </a></td><td>Indisponibilité</td></tr><tr><td style="white-space:nowrap">free<a name="fr-core-cs-schedule-type-free"> </a></td><td>Disponibilité</td></tr></table></div></text><url value="https://hl7.fr/ig/fhir/core/CodeSystem/fr-core-cs-schedule-type"/><version value="2.0.0-ballot"/><name value="FRCoreCodeSystemScheduleType"/><title value="FR Core CodeSystem Schedule Type"/><status value="draft"/><experimental value="false"/><date value="2024-02-20T11:29:22+01:00"/><publisher value="Interop'Santé"/><contact><name value="Interop'Santé"/><telecom><system value="url"/><value value="http://interopsante.org/"/></telecom></contact><contact><name value="InteropSanté"/><telecom><system value="email"/><value value="fhir@interopsante.org"/><use value="work"/></telecom></contact><description value="Schedule type"/><jurisdiction><coding><system value="urn:iso:std:iso:3166"/><code value="FR"/><display value="France"/></coding></jurisdiction><caseSensitive value="true"/><content value="complete"/><count value="2"/><concept><code value="busy-unavailable"/><display value="Indisponibilité"/></concept><concept><code value="free"/><display value="Disponibilité"/></concept></CodeSystem>