<?xml version="1.0" encoding="UTF-8"?><ValueSet xmlns="http://hl7.org/fhir"><id value="fr-core-vs-encounter-identifier-type"/><meta><profile value="http://hl7.org/fhir/StructureDefinition/shareablevalueset"/></meta><text><status value="generated"/><div xmlns="http://www.w3.org/1999/xhtml"><ul><li>Include these codes as defined in <code>https://hl7.fr/ig/fhir/core/CodeSystem/fr-coreidentifier-type</code><table class="none"><tr><td style="white-space:nowrap"><b>Code</b></td><td><b>Display</b></td></tr><tr><td>VN</td><td>Visit Number</td></tr><tr><td>MN</td><td>Movement Number</td></tr></table></li></ul></div></text><extension url="http://hl7.org/fhir/StructureDefinition/valueset-warning"><valueMarkdown value="Types are for general categories of identifiers. See [the identifier registry](identifier-registry.html) for a list of common identifier systems"/></extension><extension url="http://hl7.org/fhir/StructureDefinition/structuredefinition-standards-status"><valueCode value="informative"/></extension><extension url="http://hl7.org/fhir/StructureDefinition/structuredefinition-fmm"><valueInteger value="1"/></extension><extension url="http://hl7.org/fhir/StructureDefinition/structuredefinition-wg"><valueCode value="fhir"/></extension><url value="https://hl7.fr/ig/fhir/core/ValueSet/fr-core-vs-encounter-identifier-type"/><version value="2.0.0-ballot"/><name value="FRCoreValueSetEncounterIdentifierType"/><title value="FR Core ValueSet Encounter identifier type"/><status value="draft"/><experimental value="false"/><date value="2024-02-20T11:29:22+01:00"/><publisher value="Interop'Santé"/><contact><name value="Interop'Santé"/><telecom><system value="url"/><value value="http://interopsante.org/"/></telecom></contact><contact><name value="InteropSanté"/><telecom><system value="email"/><value value="fhir@interopsante.org"/><use value="work"/></telecom></contact><description value="A coded type for an identifier that can be used to determine which identifier to use for a specific purpose (Encounters)."/><jurisdiction><coding><system value="urn:iso:std:iso:3166"/><code value="FR"/><display value="France"/></coding></jurisdiction><immutable value="true"/><compose><include><system value="https://hl7.fr/ig/fhir/core/CodeSystem/fr-coreidentifier-type"/><concept><code value="VN"/><display value="Visit Number"/></concept><concept><code value="MN"/><display value="Movement Number"/></concept></include></compose></ValueSet>