<?xml version="1.0" encoding="UTF-8"?><ValueSet xmlns="http://hl7.org/fhir"><id value="fr-core-vs-practitioner-qualification"/><meta><profile value="http://hl7.org/fhir/StructureDefinition/shareablevalueset"/></meta><text><status value="generated"/><div xmlns="http://www.w3.org/1999/xhtml"><p>This value set includes codes based on the following rules:</p><ul><li>Include all codes defined in <a href="https://interop.esante.gouv.fr/ig/nos/1.1.0/CodeSystem-TRE-R48-DiplomeEtatFrancais.html"><code>https://mos.esante.gouv.fr/NOS/TRE_R48-DiplomeEtatFrancais/FHIR/TRE-R48-DiplomeEtatFrancais</code></a></li><li>Include all codes defined in <code>https://mos.esante.gouv.fr/NOS/TRE_R47-CommissionQualification/FHIR/TRE-R47-CommissionQualification</code></li><li>Include all codes defined in <a href="https://interop.esante.gouv.fr/ig/nos/1.1.0/CodeSystem-TRE-R49-DiplomeEtudeSpecialisee.html"><code>https://mos.esante.gouv.fr/NOS/TRE_R49-DiplomeEtudeSpecialisee/FHIR/TRE-R49-DiplomeEtudeSpecialisee</code></a></li><li>Include all codes defined in <a href="https://interop.esante.gouv.fr/ig/nos/1.1.0/CodeSystem-TRE-R50-DESCGroupe1Diplome.html"><code>https://mos.esante.gouv.fr/NOS/TRE_R50-DESCGroupe1Diplome/FHIR/TRE-R50-DESCGroupe1Diplome</code></a></li><li>Include all codes defined in <a href="https://interop.esante.gouv.fr/ig/nos/1.1.0/CodeSystem-TRE-R51-DESCGroupe2Diplome.html"><code>https://mos.esante.gouv.fr/NOS/TRE_R51-DESCGroupe2Diplome/FHIR/TRE-R51-DESCGroupe2Diplome</code></a></li><li>Include all codes defined in <a href="https://interop.esante.gouv.fr/ig/nos/1.1.0/CodeSystem-TRE-R53-DiplomePaysEEE.html"><code>https://mos.esante.gouv.fr/NOS/TRE_R53-DiplomePaysEEE/FHIR/TRE-R53-DiplomePaysEEE</code></a></li><li>Include all codes defined in <a href="https://interop.esante.gouv.fr/ig/nos/1.1.0/CodeSystem-TRE-R54-DiplomeUniversiteInterUniversitaire.html"><code>https://mos.esante.gouv.fr/NOS/TRE_R54-DiplomeUniversiteInterUniversitaire/FHIR/TRE-R54-DiplomeUniversiteInterUniversitaire</code></a></li><li>Include all codes defined in <a href="https://interop.esante.gouv.fr/ig/nos/1.1.0/CodeSystem-TRE-R55-CertificatEtudeSpeciale.html"><code>https://mos.esante.gouv.fr/NOS/TRE_R55-CertificatEtudeSpeciale/FHIR/TRE-R55-CertificatEtudeSpeciale</code></a></li><li>Include all codes defined in <a href="https://interop.esante.gouv.fr/ig/nos/1.1.0/CodeSystem-TRE-R56-Attestation.html"><code>https://mos.esante.gouv.fr/NOS/TRE_R56-Attestation/FHIR/TRE-R56-Attestation</code></a></li><li>Include all codes defined in <a href="https://interop.esante.gouv.fr/ig/nos/1.1.0/CodeSystem-TRE-R52-CapaciteDiplome.html"><code>https://mos.esante.gouv.fr/NOS/TRE_R52-CapaciteDiplome/FHIR/TRE-R52-CapaciteDiplome</code></a></li><li>Include all codes defined in <a href="https://interop.esante.gouv.fr/ig/nos/1.1.0/CodeSystem-TRE-R58-AutreTypeDiplome.html"><code>https://mos.esante.gouv.fr/NOS/TRE_R58-AutreTypeDiplome/FHIR/TRE-R58-AutreTypeDiplome</code></a></li><li>Include all codes defined in <a href="https://interop.esante.gouv.fr/ig/nos/1.1.0/CodeSystem-TRE-R36-AutreDiplomeObtenu.html"><code>https://mos.esante.gouv.fr/NOS/TRE_R36-AutreDiplomeObtenu/FHIR/TRE-R36-AutreDiplomeObtenu</code></a></li><li>Include all codes defined in <a href="https://interop.esante.gouv.fr/ig/nos/1.1.0/CodeSystem-TRE-R226-Dip2iemeCycleNQ.html"><code>https://mos.esante.gouv.fr/NOS/TRE_R226-Dip2iemeCycleNQ/FHIR/TRE-R226-Dip2iemeCycleNQ</code></a></li></ul></div></text><extension url="http://hl7.org/fhir/StructureDefinition/structuredefinition-standards-status"><valueCode value="informative"/></extension><extension url="http://hl7.org/fhir/StructureDefinition/structuredefinition-fmm"><valueInteger value="1"/></extension><extension url="http://hl7.org/fhir/StructureDefinition/structuredefinition-wg"><valueCode value="fhir"/></extension><url value="https://hl7.fr/ig/fhir/core/ValueSet/fr-core-vs-practitioner-qualification"/><version value="2.0.0-ballot"/><name value="FRCoreValueSetPractitionerQualification"/><title value="FR Core ValueSet Practitioner qualification"/><status value="draft"/><experimental value="false"/><date value="2024-02-20T11:14:35+01:00"/><publisher value="Interop'Santé"/><contact><name value="Interop'Santé"/><telecom><system value="url"/><value value="http://interopsante.org/"/></telecom></contact><contact><name value="InteropSanté"/><telecom><system value="email"/><value value="fhir@interopsante.org"/><use value="work"/></telecom></contact><description value="A code classifying the qualification of the provider"/><jurisdiction><coding><system value="urn:iso:std:iso:3166"/><code value="FR"/><display value="France"/></coding></jurisdiction><immutable value="true"/><compose><include><system value="https://mos.esante.gouv.fr/NOS/TRE_R48-DiplomeEtatFrancais/FHIR/TRE-R48-DiplomeEtatFrancais"/></include><include><system value="https://mos.esante.gouv.fr/NOS/TRE_R47-CommissionQualification/FHIR/TRE-R47-CommissionQualification"/></include><include><system value="https://mos.esante.gouv.fr/NOS/TRE_R49-DiplomeEtudeSpecialisee/FHIR/TRE-R49-DiplomeEtudeSpecialisee"/></include><include><system value="https://mos.esante.gouv.fr/NOS/TRE_R50-DESCGroupe1Diplome/FHIR/TRE-R50-DESCGroupe1Diplome"/></include><include><system value="https://mos.esante.gouv.fr/NOS/TRE_R51-DESCGroupe2Diplome/FHIR/TRE-R51-DESCGroupe2Diplome"/></include><include><system value="https://mos.esante.gouv.fr/NOS/TRE_R53-DiplomePaysEEE/FHIR/TRE-R53-DiplomePaysEEE"/></include><include><system value="https://mos.esante.gouv.fr/NOS/TRE_R54-DiplomeUniversiteInterUniversitaire/FHIR/TRE-R54-DiplomeUniversiteInterUniversitaire"/></include><include><system value="https://mos.esante.gouv.fr/NOS/TRE_R55-CertificatEtudeSpeciale/FHIR/TRE-R55-CertificatEtudeSpeciale"/></include><include><system value="https://mos.esante.gouv.fr/NOS/TRE_R56-Attestation/FHIR/TRE-R56-Attestation"/></include><include><system value="https://mos.esante.gouv.fr/NOS/TRE_R52-CapaciteDiplome/FHIR/TRE-R52-CapaciteDiplome"/></include><include><system value="https://mos.esante.gouv.fr/NOS/TRE_R58-AutreTypeDiplome/FHIR/TRE-R58-AutreTypeDiplome"/></include><include><system value="https://mos.esante.gouv.fr/NOS/TRE_R36-AutreDiplomeObtenu/FHIR/TRE-R36-AutreDiplomeObtenu"/></include><include><system value="https://mos.esante.gouv.fr/NOS/TRE_R226-Dip2iemeCycleNQ/FHIR/TRE-R226-Dip2iemeCycleNQ"/></include></compose></ValueSet>