<?xml version="1.0" encoding="UTF-8"?><ValueSet xmlns="http://hl7.org/fhir"><id value="fr-core-vs-practitioner-role-exercice"/><meta><profile value="http://hl7.org/fhir/StructureDefinition/shareablevalueset"/></meta><text><status value="generated"/><div xmlns="http://www.w3.org/1999/xhtml"><p class="res-header-id"><b>Narratif généré : EnsembleValeurs fr-core-vs-practitioner-role-exercice</b></p><a name="fr-core-vs-practitioner-role-exercice"> </a><a name="hcfr-core-vs-practitioner-role-exercice"> </a><div style="display: inline-block; background-color: #d9e0e7; padding: 6px; margin: 4px; border: 1px solid #8da1b4; border-radius: 5px; line-height: 60%"><p style="margin-bottom: 0px"/><p style="margin-bottom: 0px">Profil: <a href="http://hl7.org/fhir/R4/shareablevalueset.html">Shareable ValueSet</a></p></div><p>Ce jeu de valeur (ValueSet) inclut les codes selon les règles suivantes :</p><ul><li>Inclut tous les codes définis dans <a href="https://interop.esante.gouv.fr/terminologies/1.4.0/CodeSystem-TRE-R21-Fonction.html"><code>https://mos.esante.gouv.fr/NOS/TRE_R21-Fonction/FHIR/TRE-R21-Fonction</code></a><span title="Version is not explicitly stated, which means it is fixed to 20251023120000, the version found through the package references"> version 📦20251023120000</span></li><li>Inclut tous les codes définis dans <a href="https://interop.esante.gouv.fr/terminologies/1.4.0/CodeSystem-TRE-R96-AutreFonctionSanitaire.html"><code>https://mos.esante.gouv.fr/NOS/TRE_R96-AutreFonctionSanitaire/FHIR/TRE-R96-AutreFonctionSanitaire</code></a><span title="Version is not explicitly stated, which means it is fixed to 20231215120000, the version found through the package references"> version 📦20231215120000</span></li><li>Inclut tous les codes définis dans <a href="https://interop.esante.gouv.fr/terminologies/1.4.0/CodeSystem-TRE-R85-RolePriseCharge.html"><code>https://mos.esante.gouv.fr/NOS/TRE_R85-RolePriseCharge/FHIR/TRE-R85-RolePriseCharge</code></a><span title="Version is not explicitly stated, which means it is fixed to 20250919120000, the version found through the package references"> version 📦20250919120000</span></li><li>Inclut tous les codes définis dans <a href="https://interop.esante.gouv.fr/terminologies/1.4.0/CodeSystem-TRE-R22-GenreActivite.html"><code>https://mos.esante.gouv.fr/NOS/TRE_R22-GenreActivite/FHIR/TRE-R22-GenreActivite</code></a><span title="Version is not explicitly stated, which means it is fixed to 20240329120000, the version found through the package references"> version 📦20240329120000</span></li><li>Inclut tous les codes définis dans <a href="https://interop.esante.gouv.fr/terminologies/1.4.0/CodeSystem-TRE-R23-ModeExercice.html"><code>https://mos.esante.gouv.fr/NOS/TRE_R23-ModeExercice/FHIR/TRE-R23-ModeExercice</code></a><span title="Version is not explicitly stated, which means it is fixed to 20231215120000, the version found through the package references"> version 📦20231215120000</span></li><li>Inclut tous les codes définis dans <a href="https://interop.esante.gouv.fr/terminologies/1.4.0/CodeSystem-TRE-R24-TypeActiviteLiberale.html"><code>https://mos.esante.gouv.fr/NOS/TRE_R24-TypeActiviteLiberale/FHIR/TRE-R24-TypeActiviteLiberale</code></a><span title="Version is not explicitly stated, which means it is fixed to 20231215120000, the version found through the package references"> version 📦20231215120000</span></li><li>Inclut tous les codes définis dans <a href="https://interop.esante.gouv.fr/terminologies/1.4.0/CodeSystem-TRE-R32-StatutHospitalier.html"><code>https://mos.esante.gouv.fr/NOS/TRE_R32-StatutHospitalier/FHIR/TRE-R32-StatutHospitalier</code></a><span title="Version is not explicitly stated, which means it is fixed to 20231215120000, the version found through the package references"> version 📦20231215120000</span></li><li>Inclut tous les codes définis dans <a href="https://interop.esante.gouv.fr/terminologies/1.4.0/CodeSystem-TRE-R24-TypeActiviteLiberale.html"><code>https://mos.esante.gouv.fr/NOS/TRE_R24-TypeActiviteLiberale/FHIR/TRE-R24-TypeActiviteLiberale</code></a><span title="Version is not explicitly stated, which means it is fixed to 20231215120000, the version found through the package references"> version 📦20231215120000</span></li><li>Inclut tous les codes définis dans <a href="https://interop.esante.gouv.fr/terminologies/1.4.0/CodeSystem-TRE-G05-SousSectionTableauCNOP.html"><code>https://mos.esante.gouv.fr/NOS/TRE_G05-SousSectionTableauCNOP/FHIR/TRE-G05-SousSectionTableauCNOP</code></a><span title="Version is not explicitly stated, which means it is fixed to 20231215120000, the version found through the package references"> version 📦20231215120000</span></li><li>Inclut tous les codes définis dans <a href="https://interop.esante.gouv.fr/terminologies/1.4.0/CodeSystem-TRE-R06-SectionTableauCNOP.html"><code>https://mos.esante.gouv.fr/NOS/TRE_R06-SectionTableauCNOP/FHIR/TRE-R06-SectionTableauCNOP</code></a><span title="Version is not explicitly stated, which means it is fixed to 20231215120000, the version found through the package references"> version 📦20231215120000</span></li></ul></div></text><url value="https://hl7.fr/ig/fhir/core/ValueSet/fr-core-vs-practitioner-role-exercice"/><version value="2.2.0-ballot"/><name value="FRCoreValueSetPractitionerRoleExercice"/><title value="FR Core ValueSet PractitionerRole Exercice"/><status value="active"/><experimental value="false"/><date value="2025-11-17T13:38:57+01:00"/><publisher value="Interop'Santé"/><contact><name value="Interop'Santé"/><telecom><system value="url"/><value value="http://interopsante.org/"/></telecom></contact><contact><name value="InteropSanté"/><telecom><system value="email"/><value value="fhir@interopsante.org"/><use value="work"/></telecom></contact><description value="The exercice(s) of the practitioner."/><jurisdiction><coding><system value="urn:iso:std:iso:3166"/><code value="FR"/><display value="France"/></coding></jurisdiction><immutable value="true"/><compose><include><system value="https://mos.esante.gouv.fr/NOS/TRE_R21-Fonction/FHIR/TRE-R21-Fonction"/></include><include><system value="https://mos.esante.gouv.fr/NOS/TRE_R96-AutreFonctionSanitaire/FHIR/TRE-R96-AutreFonctionSanitaire"/></include><include><system value="https://mos.esante.gouv.fr/NOS/TRE_R85-RolePriseCharge/FHIR/TRE-R85-RolePriseCharge"/></include><include><system value="https://mos.esante.gouv.fr/NOS/TRE_R22-GenreActivite/FHIR/TRE-R22-GenreActivite"/></include><include><system value="https://mos.esante.gouv.fr/NOS/TRE_R23-ModeExercice/FHIR/TRE-R23-ModeExercice"/></include><include><system value="https://mos.esante.gouv.fr/NOS/TRE_R24-TypeActiviteLiberale/FHIR/TRE-R24-TypeActiviteLiberale"/></include><include><system value="https://mos.esante.gouv.fr/NOS/TRE_R32-StatutHospitalier/FHIR/TRE-R32-StatutHospitalier"/></include><include><system value="https://mos.esante.gouv.fr/NOS/TRE_R24-TypeActiviteLiberale/FHIR/TRE-R24-TypeActiviteLiberale"/></include><include><system value="https://mos.esante.gouv.fr/NOS/TRE_G05-SousSectionTableauCNOP/FHIR/TRE-G05-SousSectionTableauCNOP"/></include><include><system value="https://mos.esante.gouv.fr/NOS/TRE_R06-SectionTableauCNOP/FHIR/TRE-R06-SectionTableauCNOP"/></include></compose></ValueSet>