{"resourceType":"ValueSet","id":"fr-core-vs-practitioner-specialty","meta":{"profile":["http://hl7.org/fhir/StructureDefinition/shareablevalueset"]},"text":{"status":"generated","div":"<div xmlns=\"http://www.w3.org/1999/xhtml\"><ul><li>Include all codes defined in <a href=\"https://interop.esante.gouv.fr/ig/nos/1.2.0/CodeSystem-TRE-R38-SpecialiteOrdinale.html\"><code>https://mos.esante.gouv.fr/NOS/TRE_R38-SpecialiteOrdinale/FHIR/TRE-R38-SpecialiteOrdinale</code></a></li></ul></div>"},"extension":[{"url":"http://hl7.org/fhir/StructureDefinition/structuredefinition-standards-status","valueCode":"informative"},{"url":"http://hl7.org/fhir/StructureDefinition/structuredefinition-fmm","valueInteger":5},{"url":"http://hl7.org/fhir/StructureDefinition/structuredefinition-wg","valueCode":"pc"}],"url":"https://hl7.fr/ig/fhir/core/ValueSet/fr-core-vs-practitioner-specialty","identifier":[{"system":"urn:oid:1.2.250.1.71.4.2.5","value":"http://interopsante.org/fhir/ValueSet/fr-core-vs-practitioner-specialty"}],"version":"2.0.0","name":"FRCoreValueSetPractitionerSpecialty","title":"FR Core ValueSet Practitioner specialty","status":"active","experimental":false,"date":"2024-03-25T12:26:12+01:00","publisher":"Interop'Santé","contact":[{"name":"Interop'Santé","telecom":[{"system":"url","value":"http://interopsante.org/"}]},{"name":"InteropSanté","telecom":[{"system":"email","value":"fhir@interopsante.org","use":"work"}]}],"description":"The modalities of exercice of the practitioner, registered by an official organization for a period of time.","jurisdiction":[{"coding":[{"system":"urn:iso:std:iso:3166","code":"FR","display":"France"}]}],"immutable":true,"compose":{"include":[{"system":"https://mos.esante.gouv.fr/NOS/TRE_R38-SpecialiteOrdinale/FHIR/TRE-R38-SpecialiteOrdinale"}]}}