{
  "resourceType" : "ValueSet",
  "id" : "fr-core-vs-relation-type",
  "meta" : {
    "profile" : ["http://hl7.org/fhir/StructureDefinition/shareablevalueset"]
  },
  "text" : {
    "status" : "generated",
    "div" : "<div xmlns=\"http://www.w3.org/1999/xhtml\"><p class=\"res-header-id\"><b>Generated Narrative: ValueSet fr-core-vs-relation-type</b></p><a name=\"fr-core-vs-relation-type\"> </a><a name=\"hcfr-core-vs-relation-type\"> </a><a name=\"fr-core-vs-relation-type-fr-FR\"> </a><ul><li>Include all codes defined in <a href=\"https://interop.esante.gouv.fr/ig/nos/1.2.0/CodeSystem-TRE-R216-HL7RoleCode.html\"><code>https://mos.esante.gouv.fr/NOS/TRE_R216-HL7RoleCode/FHIR/TRE-R216-HL7RoleCode</code></a></li></ul></div>"
  },
  "extension" : [{
    "url" : "http://hl7.org/fhir/StructureDefinition/valueset-warning",
    "valueMarkdown" : "Types are for general categories of identifiers. See [the identifier registry](identifier-registry.html) for a list of common identifier systems"
  }],
  "url" : "https://hl7.fr/ig/fhir/core/ValueSet/fr-core-vs-relation-type",
  "version" : "2.1.0-ballot",
  "name" : "FRCoreValueSetPatientRelationType",
  "title" : "FR Core ValueSet relation type",
  "status" : "active",
  "experimental" : false,
  "date" : "2024-07-17T17:46:02+02:00",
  "publisher" : "Interop'Santé",
  "contact" : [{
    "name" : "Interop'Santé",
    "telecom" : [{
      "system" : "url",
      "value" : "http://interopsante.org/"
    }]
  },
  {
    "name" : "InteropSanté",
    "telecom" : [{
      "system" : "email",
      "value" : "fhir@interopsante.org",
      "use" : "work"
    }]
  }],
  "description" : "ValueSet relation type",
  "jurisdiction" : [{
    "coding" : [{
      "system" : "urn:iso:std:iso:3166",
      "code" : "FR",
      "display" : "France"
    }]
  }],
  "compose" : {
    "include" : [{
      "system" : "https://mos.esante.gouv.fr/NOS/TRE_R216-HL7RoleCode/FHIR/TRE-R216-HL7RoleCode"
    }]
  }
}