{
  "resourceType" : "Encounter",
  "id" : "FRCoreEncounterExample",
  "meta" : {
    "profile" : ["https://hl7.fr/ig/fhir/core/StructureDefinition/fr-core-encounter"]
  },
  "text" : {
    "status" : "extensions",
    "div" : "<div xmlns=\"http://www.w3.org/1999/xhtml\"><p><b>Generated Narrative: Encounter</b><a name=\"FRCoreEncounterExample\"> </a><a name=\"hcFRCoreEncounterExample\"> </a></p><div style=\"display: inline-block; background-color: #d9e0e7; padding: 6px; margin: 4px; border: 1px solid #8da1b4; border-radius: 5px; line-height: 60%\"><p style=\"margin-bottom: 0px\">Resource Encounter &quot;FRCoreEncounterExample&quot; </p><p style=\"margin-bottom: 0px\">Profile: <a href=\"StructureDefinition-fr-core-encounter.html\">FR Core Encounter Profile</a></p></div><p><b>FR Core Encounter Estimated Discharge Date Extension</b>: 2019-01-02</p><p><b>identifier</b>: Visit Number/123</p><p><b>status</b>: in-progress</p><p><b>class</b>: ambulatory (Details: http://terminology.hl7.org/CodeSystem/v3-ActCode code AMB = 'ambulatory', stated as 'null')</p><p><b>period</b>: 2019-01-02 --&gt; 2019-02-02</p></div>"
  },
  "extension" : [{
    "url" : "https://hl7.fr/ig/fhir/core/StructureDefinition/fr-core-estimated-discharge-date",
    "valueDate" : "2019-01-02"
  }],
  "identifier" : [{
    "type" : {
      "coding" : [{
        "system" : "https://hl7.fr/ig/fhir/core/CodeSystem/fr-core-cs-identifier-type",
        "code" : "VN"
      }]
    },
    "system" : "http://hopitalTest.fr/fhir/namingsystem/encounters",
    "value" : "123"
  }],
  "status" : "in-progress",
  "class" : {
    "system" : "http://terminology.hl7.org/CodeSystem/v3-ActCode",
    "code" : "AMB"
  },
  "period" : {
    "start" : "2019-01-02",
    "end" : "2019-02-02"
  }
}