{"resourceType":"ValueSet","id":"fr-core-vs-heartrate-body-location","meta":{"profile":["http://hl7.org/fhir/StructureDefinition/shareablevalueset"]},"text":{"status":"generated","div":"<div xmlns=\"http://www.w3.org/1999/xhtml\"><p class=\"res-header-id\"><b>Narratif généré : EnsembleValeurs fr-core-vs-heartrate-body-location</b></p><a name=\"fr-core-vs-heartrate-body-location\"> </a><a name=\"hcfr-core-vs-heartrate-body-location\"> </a><div style=\"display: inline-block; background-color: #d9e0e7; padding: 6px; margin: 4px; border: 1px solid #8da1b4; border-radius: 5px; line-height: 60%\"><p style=\"margin-bottom: 0px\"/><p style=\"margin-bottom: 0px\">Profil: <a href=\"http://hl7.org/fhir/R4/shareablevalueset.html\">Shareable ValueSet</a></p></div><ul><li>Include ce(s) code(s) tel quil(s) est (sont) défini(s) dans <a href=\"http://www.snomed.org/\"><code>http://snomed.info/sct</code></a><span title=\"Version is not explicity stated. No matching Code System found\"> version Not Stated (use latest from terminology server)</span><table class=\"none\"><tr><td style=\"white-space:nowrap\"><b>Code</b></td><td><b>Display</b></td></tr><tr><td><a href=\"http://snomed.info/id/32062004\">32062004</a></td><td>Common carotid artery structure (body structure)</td></tr><tr><td><a href=\"http://snomed.info/id/113263003\">113263003</a></td><td>Left common carotid artery structure (body structure)</td></tr><tr><td><a href=\"http://snomed.info/id/65355003\">65355003</a></td><td>Right common carotid artery structure (body structure)</td></tr><tr><td><a href=\"http://snomed.info/id/13383001\">13383001</a></td><td>Structure of apex of heart (body structure)</td></tr><tr><td><a href=\"http://snomed.info/id/17137000\">17137000</a></td><td>Structure of brachial artery (body structure)</td></tr><tr><td><a href=\"http://snomed.info/id/86547008\">86547008</a></td><td>Structure of dorsalis pedis artery (body structure)</td></tr><tr><td><a href=\"http://snomed.info/id/7657000\">7657000</a></td><td>Structure of femoral artery (body structure)</td></tr><tr><td><a href=\"http://snomed.info/id/723961002\">723961002</a></td><td>Structure of left brachial artery (body structure)</td></tr><tr><td><a href=\"http://snomed.info/id/792817008\">792817008</a></td><td>Structure of left dorsalis pedis artery (body structure)</td></tr><tr><td><a href=\"http://snomed.info/id/113270003\">113270003</a></td><td>Structure of left femoral artery (body structure)</td></tr><tr><td><a href=\"http://snomed.info/id/25885001\">25885001</a></td><td>Structure of left popliteal artery (body structure)</td></tr><tr><td><a href=\"http://snomed.info/id/214912001\">214912001</a></td><td>Structure of left posterior tibial artery (body structure)</td></tr><tr><td><a href=\"http://snomed.info/id/50408007\">50408007</a></td><td>Structure of left pulmonary artery</td></tr><tr><td><a href=\"http://snomed.info/id/368504007\">368504007</a></td><td>Structure of left radial artery (body structure)</td></tr><tr><td><a href=\"http://snomed.info/id/1268741004\">1268741004</a></td><td>Structure of left superficial temporal artery (body structure)</td></tr><tr><td><a href=\"http://snomed.info/id/368506009\">368506009</a></td><td>Structure of left ulnar artery (body structure)</td></tr><tr><td><a href=\"http://snomed.info/id/43899006\">43899006</a></td><td>Structure of popliteal artery (body structure)</td></tr><tr><td><a href=\"http://snomed.info/id/13363002\">13363002</a></td><td>Structure of posterior tibial artery (body structure)</td></tr><tr><td><a href=\"http://snomed.info/id/45631007\">45631007</a></td><td>Structure of radial artery (body structure)</td></tr><tr><td><a href=\"http://snomed.info/id/723962009\">723962009</a></td><td>Structure of right brachial artery (body structure)</td></tr><tr><td><a href=\"http://snomed.info/id/792816004\">792816004</a></td><td>Structure of right dorsalis pedis artery (body structure)</td></tr><tr><td><a href=\"http://snomed.info/id/69833005\">69833005</a></td><td>Structure of right femoral artery (body structure)</td></tr><tr><td><a href=\"http://snomed.info/id/57832007\">57832007</a></td><td>Structure of right popliteal artery (body structure)</td></tr><tr><td><a href=\"http://snomed.info/id/368503001\">368503001</a></td><td>Structure of right radial artery (body structure)</td></tr><tr><td><a href=\"http://snomed.info/id/214811007\">214811007</a></td><td>Structure of right posterior tibial artery (body structure)</td></tr><tr><td><a href=\"http://snomed.info/id/78480002\">78480002</a></td><td>Structure of right pulmonary artery (body structure)</td></tr><tr><td><a href=\"http://snomed.info/id/1268742006\">1268742006</a></td><td>Structure of right superficial temporal artery (body structure)</td></tr><tr><td><a href=\"http://snomed.info/id/368505008\">368505008</a></td><td>Structure of right ulnar artery (body structure)</td></tr><tr><td><a href=\"http://snomed.info/id/15672000\">15672000</a></td><td>Structure of superficial temporal artery (body structure)</td></tr><tr><td><a href=\"http://snomed.info/id/44984001\">44984001</a></td><td>Structure of ulnar artery (body structure)</td></tr></table></li></ul></div>"},"url":"https://hl7.fr/ig/fhir/core/ValueSet/fr-core-vs-heartrate-body-location","version":"2.2.0-ballot","name":"FRCoreValueSetHeartRateMeasurementBodyLocation","title":"Heart Rate Measurement Body Location Precoordinated value set","status":"active","experimental":false,"date":"2025-11-17T13:38:57+01:00","publisher":"Interop'Santé","contact":[{"name":"Interop'Santé","telecom":[{"system":"url","value":"http://interopsante.org/"}]},{"name":"InteropSanté","telecom":[{"system":"email","value":"fhir@interopsante.org","use":"work"}]}],"description":"SELECT SNOMED CT code system values that describe where on the body the heart rate was measured.","jurisdiction":[{"coding":[{"system":"urn:iso:std:iso:3166","code":"FR","display":"France"}]}],"compose":{"include":[{"system":"http://snomed.info/sct","concept":[{"code":"32062004","display":"Common carotid artery structure (body structure)"},{"code":"113263003","display":"Left common carotid artery structure (body structure)"},{"code":"65355003","display":"Right common carotid artery structure (body structure)"},{"code":"13383001","display":"Structure of apex of heart (body structure)"},{"code":"17137000","display":"Structure of brachial artery (body structure)"},{"code":"86547008","display":"Structure of dorsalis pedis artery (body structure)"},{"code":"7657000","display":"Structure of femoral artery (body structure)"},{"code":"723961002","display":"Structure of left brachial artery (body structure)"},{"code":"792817008","display":"Structure of left dorsalis pedis artery (body structure)"},{"code":"113270003","display":"Structure of left femoral artery (body structure)"},{"code":"25885001","display":"Structure of left popliteal artery (body structure)"},{"code":"214912001","display":"Structure of left posterior tibial artery (body structure)"},{"code":"50408007","display":"Structure of left pulmonary artery"},{"code":"368504007","display":"Structure of left radial artery (body structure)"},{"code":"1268741004","display":"Structure of left superficial temporal artery (body structure)"},{"code":"368506009","display":"Structure of left ulnar artery (body structure)"},{"code":"43899006","display":"Structure of popliteal artery (body structure)"},{"code":"13363002","display":"Structure of posterior tibial artery (body structure)"},{"code":"45631007","display":"Structure of radial artery (body structure)"},{"code":"723962009","display":"Structure of right brachial artery (body structure)"},{"code":"792816004","display":"Structure of right dorsalis pedis artery (body structure)"},{"code":"69833005","display":"Structure of right femoral artery (body structure)"},{"code":"57832007","display":"Structure of right popliteal artery (body structure)"},{"code":"368503001","display":"Structure of right radial artery (body structure)"},{"code":"214811007","display":"Structure of right posterior tibial artery (body structure)"},{"code":"78480002","display":"Structure of right pulmonary artery (body structure)"},{"code":"1268742006","display":"Structure of right superficial temporal artery (body structure)"},{"code":"368505008","display":"Structure of right ulnar artery (body structure)"},{"code":"15672000","display":"Structure of superficial temporal artery (body structure)"},{"code":"44984001","display":"Structure of ulnar artery (body structure)"}]}]}}