<?xml version="1.0" encoding="UTF-8"?>

<CodeSystem xmlns="http://hl7.org/fhir">
  <id value="fr-core-cs-marital-status"/>
  <meta>
    <profile value="http://hl7.org/fhir/StructureDefinition/shareablecodesystem"/>
  </meta>
  <text>
    <status value="generated"/><div xmlns="http://www.w3.org/1999/xhtml"><p class="res-header-id"><b>Generated Narrative: CodeSystem fr-core-cs-marital-status</b></p><a name="fr-core-cs-marital-status"> </a><a name="hcfr-core-cs-marital-status"> </a><a name="fr-core-cs-marital-status-fr-FR"> </a><p>This case-sensitive code system <code>https://hl7.fr/ig/fhir/core/CodeSystem/fr-core-cs-marital-status</code> defines the following code:</p><table class="codes"><tr><td style="white-space:nowrap"><b>Code</b></td></tr><tr><td style="white-space:nowrap">PACS<a name="fr-core-cs-marital-status-PACS"> </a></td></tr></table></div>
  </text>
  <url value="https://hl7.fr/ig/fhir/core/CodeSystem/fr-core-cs-marital-status"/>
  <version value="2.1.0"/>
  <name value="FRCoreCodeSystemMaritalStatus"/>
  <title value="FR Core CodeSystem Marital Status"/>
  <status value="draft"/>
  <experimental value="false"/>
  <date value="2024-09-04T10:06:33+02:00"/>
  <publisher value="Interop'Santé"/>
  <contact>
    <name value="Interop'Santé"/>
    <telecom>
      <system value="url"/>
      <value value="http://interopsante.org/"/>
    </telecom>
  </contact>
  <contact>
    <name value="InteropSanté"/>
    <telecom>
      <system value="email"/>
      <value value="fhir@interopsante.org"/>
      <use value="work"/>
    </telecom>
  </contact>
  <description value="Identifier type"/>
  <jurisdiction>
    <coding>
      <system value="urn:iso:std:iso:3166"/>
      <code value="FR"/>
      <display value="France"/>
    </coding>
  </jurisdiction>
  <caseSensitive value="true"/>
  <content value="complete"/>
  <count value="1"/>
  <concept>
    <code value="PACS"/>
    <display value="PACS"/>
  </concept>
</CodeSystem>