{
  "resourceType" : "ValueSet",
  "id" : "fr-core-vs-email-type",
  "meta" : {
    "profile" : ["http://hl7.org/fhir/StructureDefinition/shareablevalueset"]
  },
  "text" : {
    "status" : "generated",
    "div" : "<div xmlns=\"http://www.w3.org/1999/xhtml\"><ul><li>Include all codes defined in <a href=\"https://interop.esante.gouv.fr/ig/nos/1.2.0/CodeSystem-TRE-R256-TypeMessagerie.html\"><code>https://mos.esante.gouv.fr/NOS/TRE_R256-TypeMessagerie/FHIR/TRE-R256-TypeMessagerie</code></a></li></ul></div>"
  },
  "extension" : [{
    "url" : "http://hl7.org/fhir/StructureDefinition/structuredefinition-standards-status",
    "valueCode" : "informative"
  },
  {
    "url" : "http://hl7.org/fhir/StructureDefinition/structuredefinition-fmm",
    "valueInteger" : 0
  },
  {
    "url" : "http://hl7.org/fhir/StructureDefinition/structuredefinition-wg",
    "valueCode" : "fhir"
  }],
  "url" : "https://hl7.fr/ig/fhir/core/ValueSet/fr-core-vs-email-type",
  "version" : "2.0.0",
  "name" : "FRCoreValueSetEmailType",
  "title" : "FR Core ValueSet Email type",
  "status" : "draft",
  "experimental" : false,
  "date" : "2024-03-25T12:26:12+01:00",
  "publisher" : "Interop'Santé",
  "contact" : [{
    "name" : "Interop'Santé",
    "telecom" : [{
      "system" : "url",
      "value" : "http://interopsante.org/"
    }]
  },
  {
    "name" : "InteropSanté",
    "telecom" : [{
      "system" : "email",
      "value" : "fhir@interopsante.org",
      "use" : "work"
    }]
  }],
  "description" : "The type of email",
  "jurisdiction" : [{
    "coding" : [{
      "system" : "urn:iso:std:iso:3166",
      "code" : "FR",
      "display" : "France"
    }]
  }],
  "compose" : {
    "include" : [{
      "system" : "https://mos.esante.gouv.fr/NOS/TRE_R256-TypeMessagerie/FHIR/TRE-R256-TypeMessagerie"
    }]
  }
}