<?xml version="1.0" encoding="UTF-8"?>

<CodeSystem xmlns="http://hl7.org/fhir">
  <id value="fr-core-cs-v2-3311"/>
  <meta>
    <profile value="http://hl7.org/fhir/StructureDefinition/shareablecodesystem"/>
  </meta>
  <text>
    <status value="generated"/><div xmlns="http://www.w3.org/1999/xhtml"><p>This case-sensitive code system <code>https://hl7.fr/ig/fhir/core/CodeSystem/fr-core-cs-v2-3311</code> defines the following codes:</p><table class="codes"><tr><td style="white-space:nowrap"><b>Code</b></td><td><b>Display</b></td></tr><tr><td style="white-space:nowrap">MCO<a name="fr-core-cs-v2-3311-MCO"> </a></td><td>MCO</td></tr><tr><td style="white-space:nowrap">SSR<a name="fr-core-cs-v2-3311-SSR"> </a></td><td>SSR</td></tr><tr><td style="white-space:nowrap">HD<a name="fr-core-cs-v2-3311-HD"> </a></td><td>HAD</td></tr><tr><td style="white-space:nowrap">EHPD<a name="fr-core-cs-v2-3311-EHPD"> </a></td><td>EHPAD</td></tr><tr><td style="white-space:nowrap">LG_SJR<a name="fr-core-cs-v2-3311-LG_SJR"> </a></td><td>Long séjour</td></tr><tr><td style="white-space:nowrap">MSN_RTRT<a name="fr-core-cs-v2-3311-MSN_RTRT"> </a></td><td>Maison de retraite</td></tr><tr><td style="white-space:nowrap">PSY<a name="fr-core-cs-v2-3311-PSY"> </a></td><td>Psy</td></tr><tr><td style="white-space:nowrap">URG<a name="fr-core-cs-v2-3311-URG"> </a></td><td>Urgence</td></tr></table></div>
  </text>
  <url value="https://hl7.fr/ig/fhir/core/CodeSystem/fr-core-cs-v2-3311"/>
  <version value="2.0.0-ballot"/>
  <name value="FRCoreCodeSystemv2_3311"/>
  <title value="FR Core CodeSystem v2-3311"/>
  <status value="draft"/>
  <experimental value="false"/>
  <date value="2024-02-20T11:21:14+01:00"/>
  <publisher value="Interop'Santé"/>
  <contact>
    <name value="Interop'Santé"/>
    <telecom>
      <system value="url"/>
      <value value="http://interopsante.org/"/>
    </telecom>
  </contact>
  <contact>
    <name value="InteropSanté"/>
    <telecom>
      <system value="email"/>
      <value value="fhir@interopsante.org"/>
      <use value="work"/>
    </telecom>
  </contact>
  <description value="HL7 v2 - Table 3311"/>
  <jurisdiction>
    <coding>
      <system value="urn:iso:std:iso:3166"/>
      <code value="FR"/>
      <display value="France"/>
    </coding>
  </jurisdiction>
  <caseSensitive value="true"/>
  <content value="complete"/>
  <count value="8"/>
  <concept>
    <code value="MCO"/>
    <display value="MCO"/>
  </concept>
  <concept>
    <code value="SSR"/>
    <display value="SSR"/>
  </concept>
  <concept>
    <code value="HD"/>
    <display value="HAD"/>
  </concept>
  <concept>
    <code value="EHPD"/>
    <display value="EHPAD"/>
  </concept>
  <concept>
    <code value="LG_SJR"/>
    <display value="Long séjour"/>
  </concept>
  <concept>
    <code value="MSN_RTRT"/>
    <display value="Maison de retraite"/>
  </concept>
  <concept>
    <code value="PSY"/>
    <display value="Psy"/>
  </concept>
  <concept>
    <code value="URG"/>
    <display value="Urgence"/>
  </concept>
</CodeSystem>