<?xml version="1.0" encoding="UTF-8"?>

<ValueSet xmlns="http://hl7.org/fhir">
  <id value="fr-core-vs-contact-relationship"/>
  <meta>
    <profile value="http://hl7.org/fhir/StructureDefinition/shareablevalueset"/>
  </meta>
  <text>
    <status value="extensions"/><div xmlns="http://www.w3.org/1999/xhtml"><p>This value set includes codes based on the following rules:</p><ul><li>Include these codes as defined in <a href="http://terminology.hl7.org/5.3.0/CodeSystem-v2-0131.html"><code>http://terminology.hl7.org/CodeSystem/v2-0131</code></a><table class="none"><tr><td style="white-space:nowrap"><b>XXXX</b></td><td><b>XXXX</b></td><td><b>XXXX</b></td></tr><tr><td><a href="http://terminology.hl7.org/5.3.0/CodeSystem-v2-0131.html#v2-0131-O">O</a></td><td>Other</td><td>Other</td></tr><tr><td><a href="http://terminology.hl7.org/5.3.0/CodeSystem-v2-0131.html#v2-0131-U">U</a></td><td>Unknown</td><td>Unknown</td></tr><tr><td><a href="http://terminology.hl7.org/5.3.0/CodeSystem-v2-0131.html#v2-0131-N">N</a></td><td>Next of kin</td><td>Next-of-Kin</td></tr></table></li><li>Include these codes as defined in <a href="CodeSystem-fr-core-cs-contact-relationship.html"><code>https://hl7.fr/ig/fhir/core/CodeSystem/fr-core-cs-contact-relationship</code></a><table class="none"><tr><td style="white-space:nowrap"><b>XXXX</b></td><td><b>XXXX</b></td></tr><tr><td><a href="CodeSystem-fr-core-cs-contact-relationship.html#fr-core-cs-contact-relationship-WRD">WRD</a></td><td>Dépositaire de la tutelle judiciare</td></tr><tr><td><a href="CodeSystem-fr-core-cs-contact-relationship.html#fr-core-cs-contact-relationship-GRD">GRD</a></td><td>Tuteur</td></tr><tr><td><a href="CodeSystem-fr-core-cs-contact-relationship.html#fr-core-cs-contact-relationship-CUR">CUR</a></td><td>Représentant légal</td></tr><tr><td><a href="CodeSystem-fr-core-cs-contact-relationship.html#fr-core-cs-contact-relationship-CURTL">CURTL</a></td><td>Curatelle</td></tr><tr><td><a href="CodeSystem-fr-core-cs-contact-relationship.html#fr-core-cs-contact-relationship-EDUREF">EDUREF</a></td><td>Educateur référent</td></tr><tr><td><a href="CodeSystem-fr-core-cs-contact-relationship.html#fr-core-cs-contact-relationship-SVG">SVG</a></td><td>Sauvegarde juridique</td></tr><tr><td><a href="CodeSystem-fr-core-cs-contact-relationship.html#fr-core-cs-contact-relationship-K">K</a></td><td>Personne de confiance</td></tr><tr><td><a href="CodeSystem-fr-core-cs-contact-relationship.html#fr-core-cs-contact-relationship-P">P</a></td><td>Personne à ne pas prévenir</td></tr><tr><td><a href="CodeSystem-fr-core-cs-contact-relationship.html#fr-core-cs-contact-relationship-FAMMEMB">FAMMEMB</a></td><td>family member</td></tr><tr><td><a href="CodeSystem-fr-core-cs-contact-relationship.html#fr-core-cs-contact-relationship-CHILD">CHILD</a></td><td>child</td></tr><tr><td><a href="CodeSystem-fr-core-cs-contact-relationship.html#fr-core-cs-contact-relationship-CHLDADOPT">CHLDADOPT</a></td><td>adopted child</td></tr><tr><td><a href="CodeSystem-fr-core-cs-contact-relationship.html#fr-core-cs-contact-relationship-DAUADOPT">DAUADOPT</a></td><td>adopted daughter</td></tr><tr><td><a href="CodeSystem-fr-core-cs-contact-relationship.html#fr-core-cs-contact-relationship-SONADOPT">SONADOPT</a></td><td>adopted son</td></tr><tr><td><a href="CodeSystem-fr-core-cs-contact-relationship.html#fr-core-cs-contact-relationship-CHLDFOST">CHLDFOST</a></td><td>foster child</td></tr><tr><td><a href="CodeSystem-fr-core-cs-contact-relationship.html#fr-core-cs-contact-relationship-SONFOST">SONFOST</a></td><td>foster son</td></tr><tr><td><a href="CodeSystem-fr-core-cs-contact-relationship.html#fr-core-cs-contact-relationship-DAUC">DAUC</a></td><td>daughter</td></tr><tr><td><a href="CodeSystem-fr-core-cs-contact-relationship.html#fr-core-cs-contact-relationship-STPDAU">STPDAU</a></td><td>stepdaughter</td></tr><tr><td><a href="CodeSystem-fr-core-cs-contact-relationship.html#fr-core-cs-contact-relationship-SONC">SONC</a></td><td>son</td></tr><tr><td><a href="CodeSystem-fr-core-cs-contact-relationship.html#fr-core-cs-contact-relationship-STPSON">STPSON</a></td><td>stepson</td></tr><tr><td><a href="CodeSystem-fr-core-cs-contact-relationship.html#fr-core-cs-contact-relationship-STPCHLD">STPCHLD</a></td><td>step child</td></tr><tr><td><a href="CodeSystem-fr-core-cs-contact-relationship.html#fr-core-cs-contact-relationship-EXT">EXT</a></td><td>extended family member</td></tr><tr><td><a href="CodeSystem-fr-core-cs-contact-relationship.html#fr-core-cs-contact-relationship-AUNT">AUNT</a></td><td>aunt</td></tr><tr><td><a href="CodeSystem-fr-core-cs-contact-relationship.html#fr-core-cs-contact-relationship-COUSN">COUSN</a></td><td>cousin</td></tr><tr><td><a href="CodeSystem-fr-core-cs-contact-relationship.html#fr-core-cs-contact-relationship-GGRPRN">GGRPRN</a></td><td>great grandparent</td></tr><tr><td><a href="CodeSystem-fr-core-cs-contact-relationship.html#fr-core-cs-contact-relationship-GGRFTH">GGRFTH</a></td><td>great grandfather</td></tr><tr><td><a href="CodeSystem-fr-core-cs-contact-relationship.html#fr-core-cs-contact-relationship-GGRMTH">GGRMTH</a></td><td>great grandmather</td></tr><tr><td><a href="CodeSystem-fr-core-cs-contact-relationship.html#fr-core-cs-contact-relationship-GRNDCHILD">GRNDCHILD</a></td><td>grandchild</td></tr><tr><td><a href="CodeSystem-fr-core-cs-contact-relationship.html#fr-core-cs-contact-relationship-GRNDDAU">GRNDDAU</a></td><td>granddaughter</td></tr><tr><td><a href="CodeSystem-fr-core-cs-contact-relationship.html#fr-core-cs-contact-relationship-GRNDSON">GRNDSON</a></td><td>grandson</td></tr><tr><td><a href="CodeSystem-fr-core-cs-contact-relationship.html#fr-core-cs-contact-relationship-GRPRN">GRPRN</a></td><td>grandparent</td></tr><tr><td><a href="CodeSystem-fr-core-cs-contact-relationship.html#fr-core-cs-contact-relationship-GRFTH">GRFTH</a></td><td>grandfather</td></tr><tr><td><a href="CodeSystem-fr-core-cs-contact-relationship.html#fr-core-cs-contact-relationship-GRMTH">GRMTH</a></td><td>grandmather</td></tr><tr><td><a href="CodeSystem-fr-core-cs-contact-relationship.html#fr-core-cs-contact-relationship-CHLDINLAW">CHLDINLAW</a></td><td>child in-law</td></tr><tr><td><a href="CodeSystem-fr-core-cs-contact-relationship.html#fr-core-cs-contact-relationship-DAUINLAW">DAUINLAW</a></td><td>daughter in-law</td></tr><tr><td><a href="CodeSystem-fr-core-cs-contact-relationship.html#fr-core-cs-contact-relationship-PRNINLAW">PRNINLAW</a></td><td>parent in-law</td></tr><tr><td><a href="CodeSystem-fr-core-cs-contact-relationship.html#fr-core-cs-contact-relationship-FTHINLAW">FTHINLAW</a></td><td>father in-law</td></tr><tr><td><a href="CodeSystem-fr-core-cs-contact-relationship.html#fr-core-cs-contact-relationship-MTHINLAW">MTHINLAW</a></td><td>mother in-law</td></tr><tr><td><a href="CodeSystem-fr-core-cs-contact-relationship.html#fr-core-cs-contact-relationship-SIBINLAW">SIBINLAW</a></td><td>sibbling in-law</td></tr><tr><td><a href="CodeSystem-fr-core-cs-contact-relationship.html#fr-core-cs-contact-relationship-BROINLAW">BROINLAW</a></td><td>brother in-law</td></tr><tr><td><a href="CodeSystem-fr-core-cs-contact-relationship.html#fr-core-cs-contact-relationship-SISINLAW">SISINLAW</a></td><td>sister in-law</td></tr><tr><td><a href="CodeSystem-fr-core-cs-contact-relationship.html#fr-core-cs-contact-relationship-NIENEPH">NIENEPH</a></td><td>niece/nephew</td></tr><tr><td><a href="CodeSystem-fr-core-cs-contact-relationship.html#fr-core-cs-contact-relationship-NEPHEW">NEPHEW</a></td><td>nephew</td></tr><tr><td><a href="CodeSystem-fr-core-cs-contact-relationship.html#fr-core-cs-contact-relationship-NIECE">NIECE</a></td><td>niece</td></tr><tr><td><a href="CodeSystem-fr-core-cs-contact-relationship.html#fr-core-cs-contact-relationship-UNCLE">UNCLE</a></td><td>uncle</td></tr><tr><td><a href="CodeSystem-fr-core-cs-contact-relationship.html#fr-core-cs-contact-relationship-PRN">PRN</a></td><td>parent</td></tr><tr><td><a href="CodeSystem-fr-core-cs-contact-relationship.html#fr-core-cs-contact-relationship-ADOPTP">ADOPTP</a></td><td>adoptive parent</td></tr><tr><td><a href="CodeSystem-fr-core-cs-contact-relationship.html#fr-core-cs-contact-relationship-ADOPTF">ADOPTF</a></td><td>adoptive father</td></tr><tr><td><a href="CodeSystem-fr-core-cs-contact-relationship.html#fr-core-cs-contact-relationship-ADOPTM">ADOPTM</a></td><td>adoptive mother</td></tr><tr><td><a href="CodeSystem-fr-core-cs-contact-relationship.html#fr-core-cs-contact-relationship-FTH">FTH</a></td><td>father</td></tr><tr><td><a href="CodeSystem-fr-core-cs-contact-relationship.html#fr-core-cs-contact-relationship-FTHFOST">FTHFOST</a></td><td>foster father</td></tr><tr><td><a href="CodeSystem-fr-core-cs-contact-relationship.html#fr-core-cs-contact-relationship-NFTH">NFTH</a></td><td>natural father</td></tr><tr><td><a href="CodeSystem-fr-core-cs-contact-relationship.html#fr-core-cs-contact-relationship-STPFTH">STPFTH</a></td><td>step father</td></tr><tr><td><a href="CodeSystem-fr-core-cs-contact-relationship.html#fr-core-cs-contact-relationship-MTH">MTH</a></td><td>mother</td></tr><tr><td><a href="CodeSystem-fr-core-cs-contact-relationship.html#fr-core-cs-contact-relationship-MTHFOST">MTHFOST</a></td><td>foster mother</td></tr><tr><td><a href="CodeSystem-fr-core-cs-contact-relationship.html#fr-core-cs-contact-relationship-GESTM">GESTM</a></td><td>gestational mother</td></tr><tr><td><a href="CodeSystem-fr-core-cs-contact-relationship.html#fr-core-cs-contact-relationship-NMTH">NMTH</a></td><td>natural mother</td></tr><tr><td><a href="CodeSystem-fr-core-cs-contact-relationship.html#fr-core-cs-contact-relationship-STPMTH">STPMTH</a></td><td>stepmother</td></tr><tr><td><a href="CodeSystem-fr-core-cs-contact-relationship.html#fr-core-cs-contact-relationship-NPRN">NPRN</a></td><td>natural parent</td></tr><tr><td><a href="CodeSystem-fr-core-cs-contact-relationship.html#fr-core-cs-contact-relationship-STPPRN">STPPRN</a></td><td>step parent</td></tr><tr><td><a href="CodeSystem-fr-core-cs-contact-relationship.html#fr-core-cs-contact-relationship-SIB">SIB</a></td><td>sibling</td></tr><tr><td><a href="CodeSystem-fr-core-cs-contact-relationship.html#fr-core-cs-contact-relationship-BRO">BRO</a></td><td>brother</td></tr><tr><td><a href="CodeSystem-fr-core-cs-contact-relationship.html#fr-core-cs-contact-relationship-HBRO">HBRO</a></td><td>half-brother</td></tr><tr><td><a href="CodeSystem-fr-core-cs-contact-relationship.html#fr-core-cs-contact-relationship-NBRO">NBRO</a></td><td>natural brother</td></tr><tr><td><a href="CodeSystem-fr-core-cs-contact-relationship.html#fr-core-cs-contact-relationship-TWINBRO">TWINBRO</a></td><td>twin brother</td></tr><tr><td><a href="CodeSystem-fr-core-cs-contact-relationship.html#fr-core-cs-contact-relationship-STPBRO">STPBRO</a></td><td>stepbrother</td></tr><tr><td><a href="CodeSystem-fr-core-cs-contact-relationship.html#fr-core-cs-contact-relationship-HSIB">HSIB</a></td><td>half-sibling</td></tr><tr><td><a href="CodeSystem-fr-core-cs-contact-relationship.html#fr-core-cs-contact-relationship-HSIS">HSIS</a></td><td>half-sister</td></tr><tr><td><a href="CodeSystem-fr-core-cs-contact-relationship.html#fr-core-cs-contact-relationship-NSIB">NSIB</a></td><td>natural sibling</td></tr><tr><td><a href="CodeSystem-fr-core-cs-contact-relationship.html#fr-core-cs-contact-relationship-NSIS">NSIS</a></td><td>natural sister</td></tr><tr><td><a href="CodeSystem-fr-core-cs-contact-relationship.html#fr-core-cs-contact-relationship-TWINSIS">TWINSIS</a></td><td>twin sister</td></tr><tr><td><a href="CodeSystem-fr-core-cs-contact-relationship.html#fr-core-cs-contact-relationship-TWIN">TWIN</a></td><td>twin</td></tr><tr><td><a href="CodeSystem-fr-core-cs-contact-relationship.html#fr-core-cs-contact-relationship-SIS">SIS</a></td><td>sister</td></tr><tr><td><a href="CodeSystem-fr-core-cs-contact-relationship.html#fr-core-cs-contact-relationship-STPSIS">STPSIS</a></td><td>stepsister</td></tr><tr><td><a href="CodeSystem-fr-core-cs-contact-relationship.html#fr-core-cs-contact-relationship-STPSIB">STPSIB</a></td><td>step sibling</td></tr><tr><td><a href="CodeSystem-fr-core-cs-contact-relationship.html#fr-core-cs-contact-relationship-SIGOTHR">SIGOTHR</a></td><td>significant other</td></tr><tr><td><a href="CodeSystem-fr-core-cs-contact-relationship.html#fr-core-cs-contact-relationship-DOMPART">DOMPART</a></td><td>domestic partner</td></tr><tr><td><a href="CodeSystem-fr-core-cs-contact-relationship.html#fr-core-cs-contact-relationship-SPS">SPS</a></td><td>spouse</td></tr><tr><td><a href="CodeSystem-fr-core-cs-contact-relationship.html#fr-core-cs-contact-relationship-HUSB">HUSB</a></td><td>husband</td></tr><tr><td><a href="CodeSystem-fr-core-cs-contact-relationship.html#fr-core-cs-contact-relationship-WIFE">WIFE</a></td><td>wife</td></tr><tr><td><a href="CodeSystem-fr-core-cs-contact-relationship.html#fr-core-cs-contact-relationship-FRND">FRND</a></td><td>unrelated friend</td></tr><tr><td><a href="CodeSystem-fr-core-cs-contact-relationship.html#fr-core-cs-contact-relationship-NBOR">NBOR</a></td><td>neighbor</td></tr></table></li></ul></div>
  </text>
  <extension url="http://hl7.org/fhir/StructureDefinition/valueset-warning">
    <valueMarkdown value="Types are for general categories of identifiers. See [the identifier registry](identifier-registry.html) for a list of common identifier systems"/>
  </extension>
  <extension url="http://hl7.org/fhir/StructureDefinition/structuredefinition-standards-status">
    <valueCode value="informative"/>
  </extension>
  <extension url="http://hl7.org/fhir/StructureDefinition/structuredefinition-fmm">
    <valueInteger value="1"/>
  </extension>
  <extension url="http://hl7.org/fhir/StructureDefinition/structuredefinition-wg">
    <valueCode value="fhir"/>
  </extension>
  <url value="https://hl7.fr/ig/fhir/core/ValueSet/fr-core-vs-contact-relationship"/>
  <version value="2.0.1"/>
  <name value="FRCoreValueSetContactRelationship"/>
  <title value="FR Core ValueSet Contact relationship"/>
  <status value="active"/>
  <experimental value="false"/>
  <date value="2024-04-16T11:49:14+02:00"/>
  <publisher value="Interop'Santé"/>
  <contact>
    <name value="Interop'Santé"/>
    <telecom>
      <system value="url"/>
      <value value="http://interopsante.org/"/>
    </telecom>
  </contact>
  <contact>
    <name value="InteropSanté"/>
    <telecom>
      <system value="email"/>
      <value value="fhir@interopsante.org"/>
      <use value="work"/>
    </telecom>
  </contact>
  <description value="A set of codes that can be used to indicate the relationship between a Patient and a Related Person."/>
  <jurisdiction>
    <coding>
      <system value="urn:iso:std:iso:3166"/>
      <code value="FR"/>
      <display value="France"/>
    </coding>
  </jurisdiction>
  <compose>
    <include>
      <system value="http://terminology.hl7.org/CodeSystem/v2-0131"/>
      <concept>
        <code value="O"/>
        <display value="Other"/>
      </concept>
      <concept>
        <code value="U"/>
        <display value="Unknown"/>
      </concept>
      <concept>
        <code value="N"/>
        <display value="Next of kin"/>
      </concept>
    </include>
    <include>
      <system value="https://hl7.fr/ig/fhir/core/CodeSystem/fr-core-cs-contact-relationship"/>
      <concept>
        <code value="WRD"/>
        <display value="Dépositaire de la tutelle judiciare"/>
      </concept>
      <concept>
        <code value="GRD"/>
        <display value="Tuteur"/>
      </concept>
      <concept>
        <code value="CUR"/>
        <display value="Représentant légal"/>
      </concept>
      <concept>
        <code value="CURTL"/>
        <display value="Curatelle"/>
      </concept>
      <concept>
        <code value="EDUREF"/>
        <display value="Educateur référent"/>
      </concept>
      <concept>
        <code value="SVG"/>
        <display value="Sauvegarde juridique"/>
      </concept>
      <concept>
        <code value="K"/>
        <display value="Personne de confiance"/>
      </concept>
      <concept>
        <code value="P"/>
        <display value="Personne à ne pas prévenir"/>
      </concept>
      <concept>
        <code value="FAMMEMB"/>
        <display value="family member"/>
      </concept>
      <concept>
        <code value="CHILD"/>
        <display value="child"/>
      </concept>
      <concept>
        <code value="CHLDADOPT"/>
        <display value="adopted child"/>
      </concept>
      <concept>
        <code value="DAUADOPT"/>
        <display value="adopted daughter"/>
      </concept>
      <concept>
        <code value="SONADOPT"/>
        <display value="adopted son"/>
      </concept>
      <concept>
        <code value="CHLDFOST"/>
        <display value="foster child"/>
      </concept>
      <concept>
        <code value="SONFOST"/>
        <display value="foster son"/>
      </concept>
      <concept>
        <code value="DAUC"/>
        <display value="daughter"/>
      </concept>
      <concept>
        <code value="STPDAU"/>
        <display value="stepdaughter"/>
      </concept>
      <concept>
        <code value="SONC"/>
        <display value="son"/>
      </concept>
      <concept>
        <code value="STPSON"/>
        <display value="stepson"/>
      </concept>
      <concept>
        <code value="STPCHLD"/>
        <display value="step child"/>
      </concept>
      <concept>
        <code value="EXT"/>
        <display value="extended family member"/>
      </concept>
      <concept>
        <code value="AUNT"/>
        <display value="aunt"/>
      </concept>
      <concept>
        <code value="COUSN"/>
        <display value="cousin"/>
      </concept>
      <concept>
        <code value="GGRPRN"/>
        <display value="great grandparent"/>
      </concept>
      <concept>
        <code value="GGRFTH"/>
        <display value="great grandfather"/>
      </concept>
      <concept>
        <code value="GGRMTH"/>
        <display value="great grandmather"/>
      </concept>
      <concept>
        <code value="GRNDCHILD"/>
        <display value="grandchild"/>
      </concept>
      <concept>
        <code value="GRNDDAU"/>
        <display value="granddaughter"/>
      </concept>
      <concept>
        <code value="GRNDSON"/>
        <display value="grandson"/>
      </concept>
      <concept>
        <code value="GRPRN"/>
        <display value="grandparent"/>
      </concept>
      <concept>
        <code value="GRFTH"/>
        <display value="grandfather"/>
      </concept>
      <concept>
        <code value="GRMTH"/>
        <display value="grandmather"/>
      </concept>
      <concept>
        <code value="CHLDINLAW"/>
        <display value="child in-law"/>
      </concept>
      <concept>
        <code value="DAUINLAW"/>
        <display value="daughter in-law"/>
      </concept>
      <concept>
        <code value="PRNINLAW"/>
        <display value="parent in-law"/>
      </concept>
      <concept>
        <code value="FTHINLAW"/>
        <display value="father in-law"/>
      </concept>
      <concept>
        <code value="MTHINLAW"/>
        <display value="mother in-law"/>
      </concept>
      <concept>
        <code value="SIBINLAW"/>
        <display value="sibbling in-law"/>
      </concept>
      <concept>
        <code value="BROINLAW"/>
        <display value="brother in-law"/>
      </concept>
      <concept>
        <code value="SISINLAW"/>
        <display value="sister in-law"/>
      </concept>
      <concept>
        <code value="NIENEPH"/>
        <display value="niece/nephew"/>
      </concept>
      <concept>
        <code value="NEPHEW"/>
        <display value="nephew"/>
      </concept>
      <concept>
        <code value="NIECE"/>
        <display value="niece"/>
      </concept>
      <concept>
        <code value="UNCLE"/>
        <display value="uncle"/>
      </concept>
      <concept>
        <code value="PRN"/>
        <display value="parent"/>
      </concept>
      <concept>
        <code value="ADOPTP"/>
        <display value="adoptive parent"/>
      </concept>
      <concept>
        <code value="ADOPTF"/>
        <display value="adoptive father"/>
      </concept>
      <concept>
        <code value="ADOPTM"/>
        <display value="adoptive mother"/>
      </concept>
      <concept>
        <code value="FTH"/>
        <display value="father"/>
      </concept>
      <concept>
        <code value="FTHFOST"/>
        <display value="foster father"/>
      </concept>
      <concept>
        <code value="NFTH"/>
        <display value="natural father"/>
      </concept>
      <concept>
        <code value="STPFTH"/>
        <display value="step father"/>
      </concept>
      <concept>
        <code value="MTH"/>
        <display value="mother"/>
      </concept>
      <concept>
        <code value="MTHFOST"/>
        <display value="foster mother"/>
      </concept>
      <concept>
        <code value="GESTM"/>
        <display value="gestational mother"/>
      </concept>
      <concept>
        <code value="NMTH"/>
        <display value="natural mother"/>
      </concept>
      <concept>
        <code value="STPMTH"/>
        <display value="stepmother"/>
      </concept>
      <concept>
        <code value="NPRN"/>
        <display value="natural parent"/>
      </concept>
      <concept>
        <code value="STPPRN"/>
        <display value="step parent"/>
      </concept>
      <concept>
        <code value="SIB"/>
        <display value="sibling"/>
      </concept>
      <concept>
        <code value="BRO"/>
        <display value="brother"/>
      </concept>
      <concept>
        <code value="HBRO"/>
        <display value="half-brother"/>
      </concept>
      <concept>
        <code value="NBRO"/>
        <display value="natural brother"/>
      </concept>
      <concept>
        <code value="TWINBRO"/>
        <display value="twin brother"/>
      </concept>
      <concept>
        <code value="STPBRO"/>
        <display value="stepbrother"/>
      </concept>
      <concept>
        <code value="HSIB"/>
        <display value="half-sibling"/>
      </concept>
      <concept>
        <code value="HSIS"/>
        <display value="half-sister"/>
      </concept>
      <concept>
        <code value="NSIB"/>
        <display value="natural sibling"/>
      </concept>
      <concept>
        <code value="NSIS"/>
        <display value="natural sister"/>
      </concept>
      <concept>
        <code value="TWINSIS"/>
        <display value="twin sister"/>
      </concept>
      <concept>
        <code value="TWIN"/>
        <display value="twin"/>
      </concept>
      <concept>
        <code value="SIS"/>
        <display value="sister"/>
      </concept>
      <concept>
        <code value="STPSIS"/>
        <display value="stepsister"/>
      </concept>
      <concept>
        <code value="STPSIB"/>
        <display value="step sibling"/>
      </concept>
      <concept>
        <code value="SIGOTHR"/>
        <display value="significant other"/>
      </concept>
      <concept>
        <code value="DOMPART"/>
        <display value="domestic partner"/>
      </concept>
      <concept>
        <code value="SPS"/>
        <display value="spouse"/>
      </concept>
      <concept>
        <code value="HUSB"/>
        <display value="husband"/>
      </concept>
      <concept>
        <code value="WIFE"/>
        <display value="wife"/>
      </concept>
      <concept>
        <code value="FRND"/>
        <display value="unrelated friend"/>
      </concept>
      <concept>
        <code value="NBOR"/>
        <display value="neighbor"/>
      </concept>
    </include>
  </compose>
</ValueSet>