<?xml version="1.0" encoding="UTF-8"?>

<ValueSet xmlns="http://hl7.org/fhir">
  <id value="fr-core-vs-insee-code"/>
  <meta>
    <profile value="http://hl7.org/fhir/StructureDefinition/shareablevalueset"/>
  </meta>
  <text>
    <status value="generated"/><div xmlns="http://www.w3.org/1999/xhtml"><ul><li>Include all codes defined in <code>https://mos.esante.gouv.fr/NOS/TRE_R13-Commune/FHIR/TRE-R13-Commune</code></li></ul></div>
  </text>
  <url value="https://hl7.fr/ig/fhir/core/ValueSet/fr-core-vs-insee-code"/>
  <identifier>
    <system value="http://interopsante.org/fhir/ValueSet"/>
    <value value="urn:oid:2.16.840.1.113883.2.8.1.3.4"/>
  </identifier>
  <version value="2.0.0"/>
  <name value="FRCoreValueSetINSEECode"/>
  <title value="FR Core ValueSet INSEE code"/>
  <status value="draft"/>
  <experimental value="false"/>
  <date value="2024-02-20T09:47:43+01:00"/>
  <publisher value="Interop'Santé"/>
  <contact>
    <name value="Interop'Santé"/>
    <telecom>
      <system value="url"/>
      <value value="http://interopsante.org/"/>
    </telecom>
  </contact>
  <contact>
    <name value="InteropSanté"/>
    <telecom>
      <system value="email"/>
      <value value="fhir@interopsante.org"/>
      <use value="work"/>
    </telecom>
  </contact>
  <description value="the French Address Insee Codes"/>
  <jurisdiction>
    <coding>
      <system value="urn:iso:std:iso:3166"/>
      <code value="FR"/>
      <display value="France"/>
    </coding>
  </jurisdiction>
  <compose>
    <include>
      <system value="https://mos.esante.gouv.fr/NOS/TRE_R13-Commune/FHIR/TRE-R13-Commune"/>
    </include>
  </compose>
</ValueSet>