<?xml version="1.0" encoding="UTF-8"?>

<ValueSet xmlns="http://hl7.org/fhir">
  <id value="fr-core-vs-marital-status"/>
  <meta>
    <profile value="http://hl7.org/fhir/StructureDefinition/shareablevalueset"/>
  </meta>
  <text>
    <status value="extensions"/><div xmlns="http://www.w3.org/1999/xhtml"><p>This value set includes codes based on the following rules:</p><ul><li>Include all codes defined in <a href="CodeSystem-fr-core-cs-marital-status.html"><code>https://hl7.fr/ig/fhir/core/CodeSystem/fr-core-cs-marital-status</code></a></li><li>Include all codes defined in <a href="http://terminology.hl7.org/5.3.0/CodeSystem-v3-MaritalStatus.html"><code>http://terminology.hl7.org/CodeSystem/v3-MaritalStatus</code></a></li><li>Include these codes as defined in <a href="http://terminology.hl7.org/5.3.0/CodeSystem-v3-NullFlavor.html"><code>http://terminology.hl7.org/CodeSystem/v3-NullFlavor</code></a><table class="none"><tr><td style="white-space:nowrap"><b>Code</b></td><td><b>Display</b></td><td><b>Definition</b></td></tr><tr><td><a href="http://terminology.hl7.org/5.3.0/CodeSystem-v3-NullFlavor.html#v3-NullFlavor-UNK">UNK</a></td><td>unknown</td><td>**Description:**A proper value is applicable, but not known.<br/><br/>**Usage Notes**: This means the actual value is not known. If the only thing that is unknown is how to properly express the value in the necessary constraints (value set, datatype, etc.), then the OTH or UNC flavor should be used. No properties should be included for a datatype with this property unless:<br/><br/>1.  Those properties themselves directly translate to a semantic of &quot;unknown&quot;. (E.g. a local code sent as a translation that conveys 'unknown')<br/>2.  Those properties further qualify the nature of what is unknown. (E.g. specifying a use code of &quot;H&quot; and a URL prefix of &quot;tel:&quot; to convey that it is the home phone number that is unknown.)</td></tr></table></li></ul></div>
  </text>
  <url value="https://hl7.fr/ig/fhir/core/ValueSet/fr-core-vs-marital-status"/>
  <version value="2.0.0-ballot"/>
  <name value="FRCoreValueSetMaritalStatus"/>
  <title value="FR Core ValueSet Patient gender INS ValueSet"/>
  <status value="draft"/>
  <experimental value="false"/>
  <date value="2024-02-20T11:14:35+01:00"/>
  <publisher value="Interop'Santé"/>
  <contact>
    <name value="Interop'Santé"/>
    <telecom>
      <system value="url"/>
      <value value="http://interopsante.org/"/>
    </telecom>
  </contact>
  <contact>
    <name value="InteropSanté"/>
    <telecom>
      <system value="email"/>
      <value value="fhir@interopsante.org"/>
      <use value="work"/>
    </telecom>
  </contact>
  <description value="Patient Gender for INS : male | female | unknown"/>
  <jurisdiction>
    <coding>
      <system value="urn:iso:std:iso:3166"/>
      <code value="FR"/>
      <display value="France"/>
    </coding>
  </jurisdiction>
  <compose>
    <include>
      <system value="https://hl7.fr/ig/fhir/core/CodeSystem/fr-core-cs-marital-status"/>
    </include>
    <include>
      <system value="http://terminology.hl7.org/CodeSystem/v3-MaritalStatus"/>
    </include>
    <include>
      <system value="http://terminology.hl7.org/CodeSystem/v3-NullFlavor"/>
      <concept>
        <code value="UNK"/>
        <display value="unknown"/>
      </concept>
    </include>
  </compose>
</ValueSet>