<?xml version="1.0" encoding="UTF-8"?>

<ValueSet xmlns="http://hl7.org/fhir">
  <id value="fr-core-vs-availability-time-rule"/>
  <meta>
    <profile value="http://hl7.org/fhir/StructureDefinition/shareablevalueset"/>
  </meta>
  <text>
    <status value="generated"/><div xmlns="http://www.w3.org/1999/xhtml"><ul><li>Include these codes as defined in <code>https://www.ietf.org/rfc/rfc2445</code><table class="none"><tr><td style="white-space:nowrap"><b>Code</b></td><td><b>Display</b></td></tr><tr><td>SECONDLY</td><td>Par seconde</td></tr><tr><td>MINUTELY</td><td>Par minute</td></tr><tr><td>HOURLY</td><td>Par heure</td></tr><tr><td>DAILY</td><td>Par jour</td></tr><tr><td>WEEKLY</td><td>Par semaine</td></tr><tr><td>MONTHLY</td><td>Par mois</td></tr><tr><td>YEARLY</td><td>Par an</td></tr></table></li></ul></div>
  </text>
  <extension url="http://hl7.org/fhir/StructureDefinition/valueset-warning">
    <valueMarkdown value="Availability Time Rule"/>
  </extension>
  <extension url="http://hl7.org/fhir/StructureDefinition/structuredefinition-standards-status">
    <valueCode value="informative"/>
  </extension>
  <extension url="http://hl7.org/fhir/StructureDefinition/structuredefinition-fmm">
    <valueInteger value="1"/>
  </extension>
  <extension url="http://hl7.org/fhir/StructureDefinition/structuredefinition-wg">
    <valueCode value="fhir"/>
  </extension>
  <url value="https://hl7.fr/ig/fhir/core/ValueSet/fr-core-vs-availability-time-rule"/>
  <version value="2.0.0-ballot"/>
  <name value="FRCoreValueSetAvailabilityTimeRule"/>
  <title value="Recurrent caracteristic of the Schedule | Caractère récurrent du Schedule"/>
  <status value="draft"/>
  <experimental value="false"/>
  <date value="2024-02-20T11:14:35+01:00"/>
  <publisher value="Interop'Santé"/>
  <contact>
    <name value="Interop'Santé"/>
    <telecom>
      <system value="url"/>
      <value value="http://interopsante.org/"/>
    </telecom>
  </contact>
  <contact>
    <name value="InteropSanté"/>
    <telecom>
      <system value="email"/>
      <value value="fhir@interopsante.org"/>
      <use value="work"/>
    </telecom>
  </contact>
  <description value="Specification of the recurrent periods | Spécifications des périodes récurrentes"/>
  <jurisdiction>
    <coding>
      <system value="urn:iso:std:iso:3166"/>
      <code value="FR"/>
      <display value="France"/>
    </coding>
  </jurisdiction>
  <compose>
    <include>
      <system value="https://www.ietf.org/rfc/rfc2445"/>
      <concept>
        <code value="SECONDLY"/>
        <display value="Par seconde"/>
      </concept>
      <concept>
        <code value="MINUTELY"/>
        <display value="Par minute"/>
      </concept>
      <concept>
        <code value="HOURLY"/>
        <display value="Par heure"/>
      </concept>
      <concept>
        <code value="DAILY"/>
        <display value="Par jour"/>
      </concept>
      <concept>
        <code value="WEEKLY"/>
        <display value="Par semaine"/>
      </concept>
      <concept>
        <code value="MONTHLY"/>
        <display value="Par mois"/>
      </concept>
      <concept>
        <code value="YEARLY"/>
        <display value="Par an"/>
      </concept>
    </include>
  </compose>
</ValueSet>