<?xml version="1.0" encoding="UTF-8"?>

<ValueSet xmlns="http://hl7.org/fhir">
  <id value="fr-core-vs-encounter-type"/>
  <meta>
    <profile value="http://hl7.org/fhir/StructureDefinition/shareablevalueset"/>
  </meta>
  <text>
    <status value="extensions"/><div xmlns="http://www.w3.org/1999/xhtml"><p>This value set includes codes based on the following rules:</p><ul><li>Include these codes as defined in <a href="http://terminology.hl7.org/5.3.0/CodeSystem-v2-0007.html"><code>http://terminology.hl7.org/CodeSystem/v2-0007</code></a><table class="none"><tr><td style="white-space:nowrap"><b>Code</b></td><td><b>Display</b></td><td><b>Definition</b></td></tr><tr><td><a href="http://terminology.hl7.org/5.3.0/CodeSystem-v2-0007.html#v2-0007-C">C</a></td><td>Elective/Confort|Confort</td><td>Elective</td></tr><tr><td><a href="http://terminology.hl7.org/5.3.0/CodeSystem-v2-0007.html#v2-0007-L">L</a></td><td>Labor and delivery|Accouchement maternité</td><td>Labor and Delivery</td></tr><tr><td><a href="http://terminology.hl7.org/5.3.0/CodeSystem-v2-0007.html#v2-0007-N">N</a></td><td>Newborn (Birth in healthcare facility)|Nouveau né</td><td>Newborn (Birth in healthcare facility)</td></tr><tr><td><a href="http://terminology.hl7.org/5.3.0/CodeSystem-v2-0007.html#v2-0007-R">R</a></td><td>Routine|Séance</td><td>Routine</td></tr><tr><td><a href="http://terminology.hl7.org/5.3.0/CodeSystem-v2-0007.html#v2-0007-U">U</a></td><td>Emergency|Caractère d’urgence aigue du problème quel que soit le service d’entrée</td><td>Urgent</td></tr></table></li><li>Include these codes as defined in <a href="CodeSystem-fr-core-cs-type-admission.html"><code>https://hl7.fr/ig/fhir/core/CodeSystem/fr-core-cs-type-admission</code></a><table class="none"><tr><td style="white-space:nowrap"><b>Code</b></td><td><b>Display</b></td></tr><tr><td><a href="CodeSystem-fr-core-cs-type-admission.html#fr-core-cs-type-admission-RM">RM</a></td><td>Rétrocession de médicament</td></tr><tr><td><a href="CodeSystem-fr-core-cs-type-admission.html#fr-core-cs-type-admission-IE">IE</a></td><td>Prestation inter-établissements</td></tr></table></li></ul></div>
  </text>
  <extension url="http://hl7.org/fhir/StructureDefinition/valueset-warning">
    <valueMarkdown value="Types are for general categories of identifiers. See [the identifier registry](identifier-registry.html) for a list of common identifier systems"/>
  </extension>
  <extension url="http://hl7.org/fhir/StructureDefinition/structuredefinition-standards-status">
    <valueCode value="informative"/>
  </extension>
  <extension url="http://hl7.org/fhir/StructureDefinition/structuredefinition-fmm">
    <valueInteger value="1"/>
  </extension>
  <extension url="http://hl7.org/fhir/StructureDefinition/structuredefinition-wg">
    <valueCode value="fhir"/>
  </extension>
  <url value="https://hl7.fr/ig/fhir/core/ValueSet/fr-core-vs-encounter-type"/>
  <version value="2.0.0"/>
  <name value="FRCoreValueSetEncounterType"/>
  <title value="FR Core ValueSet Encounter type"/>
  <status value="draft"/>
  <experimental value="false"/>
  <date value="2024-02-20T09:40:49+01:00"/>
  <publisher value="Interop'Santé"/>
  <contact>
    <name value="Interop'Santé"/>
    <telecom>
      <system value="url"/>
      <value value="http://interopsante.org/"/>
    </telecom>
  </contact>
  <contact>
    <name value="InteropSanté"/>
    <telecom>
      <system value="email"/>
      <value value="fhir@interopsante.org"/>
      <use value="work"/>
    </telecom>
  </contact>
  <description value="A coded type for an encounter | Jeu de valeurs des types de rencontre."/>
  <jurisdiction>
    <coding>
      <system value="urn:iso:std:iso:3166"/>
      <code value="FR"/>
      <display value="France"/>
    </coding>
  </jurisdiction>
  <compose>
    <include>
      <system value="http://terminology.hl7.org/CodeSystem/v2-0007"/>
      <concept>
        <code value="C"/>
        <display value="Elective/Confort|Confort"/>
      </concept>
      <concept>
        <code value="L"/>
        <display value="Labor and delivery|Accouchement maternité"/>
      </concept>
      <concept>
        <code value="N"/>
        <display value="Newborn (Birth in healthcare facility)|Nouveau né"/>
      </concept>
      <concept>
        <code value="R"/>
        <display value="Routine|Séance"/>
      </concept>
      <concept>
        <code value="U"/>
        <display value="Emergency|Caractère d’urgence aigue du problème quel que soit le service d’entrée"/>
      </concept>
    </include>
    <include>
      <system value="https://hl7.fr/ig/fhir/core/CodeSystem/fr-core-cs-type-admission"/>
      <concept>
        <code value="RM"/>
        <display value="Rétrocession de médicament"/>
      </concept>
      <concept>
        <code value="IE"/>
        <display value="Prestation inter-établissements"/>
      </concept>
    </include>
  </compose>
</ValueSet>