{"resourceType":"ValueSet","id":"fr-core-vs-civility-exercice-rass","meta":{"profile":["http://hl7.org/fhir/StructureDefinition/shareablevalueset"]},"text":{"status":"generated","div":"<div xmlns=\"http://www.w3.org/1999/xhtml\"><p class=\"res-header-id\"><b>Generated Narrative: ValueSet fr-core-vs-civility-exercice-rass</b></p><a name=\"fr-core-vs-civility-exercice-rass\"> </a><a name=\"hcfr-core-vs-civility-exercice-rass\"> </a><a name=\"fr-core-vs-civility-exercice-rass-fr-FR\"> </a><ul><li>Include all codes defined in <code>https://mos.esante.gouv.fr/NOS/JDV_J79-CiviliteExercice-RASS/FHIR/JDV-J79-CiviliteExercice-RASS</code></li></ul></div>"},"extension":[{"url":"http://hl7.org/fhir/StructureDefinition/structuredefinition-standards-status","valueCode":"informative"},{"url":"http://hl7.org/fhir/StructureDefinition/structuredefinition-fmm","valueInteger":0},{"url":"http://hl7.org/fhir/StructureDefinition/structuredefinition-wg","valueCode":"fhir"}],"url":"https://hl7.fr/ig/fhir/core/ValueSet/fr-core-vs-civility-exercice-rass","version":"2.1.0","name":"FRCoreValueSetCivilityExerciceRASS","title":"FR Core ValueSet Civility exercice RASS","status":"active","experimental":false,"date":"2024-09-04T09:58:56+02:00","publisher":"Interop'Santé","contact":[{"name":"Interop'Santé","telecom":[{"system":"url","value":"http://interopsante.org/"}]},{"name":"InteropSanté","telecom":[{"system":"email","value":"fhir@interopsante.org","use":"work"}]}],"description":"Civilités d'exercice d'un professionnel du RASS","jurisdiction":[{"coding":[{"system":"urn:iso:std:iso:3166","code":"FR","display":"France"}]}],"compose":{"include":[{"system":"https://mos.esante.gouv.fr/NOS/JDV_J79-CiviliteExercice-RASS/FHIR/JDV-J79-CiviliteExercice-RASS"}]}}