<?xml version="1.0" encoding="UTF-8"?>

<Observation xmlns="http://hl7.org/fhir">
  <id value="FRCoreObservationHeartRateExample"/>
  <meta>
    <profile value="https://hl7.fr/ig/fhir/core/StructureDefinition/fr-core-observation-heartrate"/>
  </meta>
  <text>
    <status value="generated"/><div xmlns="http://www.w3.org/1999/xhtml"><p><b>Generated Narrative: Observation</b><a name="FRCoreObservationHeartRateExample"> </a><a name="hcFRCoreObservationHeartRateExample"> </a></p><div style="display: inline-block; background-color: #d9e0e7; padding: 6px; margin: 4px; border: 1px solid #8da1b4; border-radius: 5px; line-height: 60%"><p style="margin-bottom: 0px">Resource Observation &quot;FRCoreObservationHeartRateExample&quot; </p><p style="margin-bottom: 0px">Profile: <a href="StructureDefinition-fr-core-observation-heartrate.html">FR Core Observation Heart Rate Profile</a></p></div><p><b>status</b>: final</p><p><b>category</b>: Vital Signs <span style="background: LightGoldenRodYellow; margin: 4px; border: 1px solid khaki"> (<a href="http://terminology.hl7.org/5.3.0/CodeSystem-observation-category.html">Observation Category Codes</a>#vital-signs)</span></p><p><b>code</b>: Heart rate <span style="background: LightGoldenRodYellow; margin: 4px; border: 1px solid khaki"> (<a href="https://loinc.org/">LOINC</a>#8867-4)</span></p><p><b>subject</b>: <a href="ExamplefrPatient001">ExamplefrPatient001: Pierre Durand</a></p><p><b>effective</b>: 2022-11-06</p><p><b>performer</b>: <a href="Patient-ExamplefrCorePatient001.html">Patient/ExamplefrCorePatient001: Pierre Durand</a> &quot; DURAND&quot;</p><p><b>value</b>: 70 battements/minute<span style="background: LightGoldenRodYellow"> (Details: UCUM code /min = '/min')</span></p></div>
  </text>
  <status value="final"/>
  <category>
    <coding>
      <system value="http://terminology.hl7.org/CodeSystem/observation-category"/>
      <code value="vital-signs"/>
    </coding>
  </category>
  <code>
    <coding>
      <system value="http://loinc.org"/>
      <code value="8867-4"/>
    </coding>
  </code>
  <subject>
    <reference value="ExamplefrPatient001"/>
    <type value="Patient"/>
    <display value="Pierre Durand"/>
  </subject>
  <effectiveDateTime value="2022-11-06"/>
  <performer>
    <reference value="Patient/ExamplefrCorePatient001"/>
    <display value="Pierre Durand"/>
  </performer>
  <valueQuantity>
    <value value="70"/>
    <unit value="battements/minute"/>
    <system value="http://unitsofmeasure.org"/>
    <code value="/min"/>
  </valueQuantity>
</Observation>