{
  "resourceType" : "Observation",
  "id" : "FRCoreObservationBodyWeightExample",
  "meta" : {
    "profile" : ["https://hl7.fr/ig/fhir/core/StructureDefinition/fr-core-observation-body-weight"]
  },
  "text" : {
    "status" : "generated",
    "div" : "<div xmlns=\"http://www.w3.org/1999/xhtml\"><p class=\"res-header-id\"><b>Narratif généré : Observation FRCoreObservationBodyWeightExample</b></p><a name=\"FRCoreObservationBodyWeightExample\"> </a><a name=\"hcFRCoreObservationBodyWeightExample\"> </a><div style=\"display: inline-block; background-color: #d9e0e7; padding: 6px; margin: 4px; border: 1px solid #8da1b4; border-radius: 5px; line-height: 60%\"><p style=\"margin-bottom: 0px\"/><p style=\"margin-bottom: 0px\">Profil: <a href=\"StructureDefinition-fr-core-observation-body-weight.html\">FR Core Observation Body Weight Profile</a></p></div><p><b>status</b>: Final</p><p><b>category</b>: <span title=\"Codes :{http://terminology.hl7.org/CodeSystem/observation-category vital-signs}\">Vital Signs</span></p><p><b>code</b>: <span title=\"Codes :{http://loinc.org 29463-7}\">Poids corporel [Masse] Patient ; Numérique</span></p><p><b>subject</b>: <a href=\"Patient-FRCorePatientExample.html\">Pierre Durand (official) Male, Date de Naissance :1974-12-25 ( NIR définitif\u00a0(use:\u00a0official,\u00a0))</a></p><p><b>effective</b>: 2022-11-06</p><p><b>performer</b>: <a href=\"Practitioner-FRCorePractitionerExample.html\">Practitioner Leclerc Sophie</a></p><p><b>value</b>: 96 Kg<span style=\"background: LightGoldenRodYellow\"> (Détails : code UCUMkg = 'kg')</span></p></div>"
  },
  "status" : "final",
  "category" : [{
    "coding" : [{
      "system" : "http://terminology.hl7.org/CodeSystem/observation-category",
      "code" : "vital-signs"
    }]
  }],
  "code" : {
    "coding" : [{
      "system" : "http://loinc.org",
      "code" : "29463-7"
    }]
  },
  "subject" : {
    "reference" : "Patient/FRCorePatientExample",
    "type" : "Patient"
  },
  "effectiveDateTime" : "2022-11-06",
  "performer" : [{
    "reference" : "Practitioner/FRCorePractitionerExample"
  }],
  "valueQuantity" : {
    "value" : 96,
    "unit" : "Kg",
    "system" : "http://unitsofmeasure.org",
    "code" : "kg"
  }
}