{
  "resourceType" : "Organization",
  "id" : "hopitaltest-uac-4420-uac-01",
  "meta" : {
    "profile" : ["https://hl7.fr/ig/fhir/core/StructureDefinition/fr-core-organization-uac"]
  },
  "text" : {
    "status" : "extensions",
    "div" : "<div xmlns=\"http://www.w3.org/1999/xhtml\"><p class=\"res-header-id\"><b>Narratif généré : Organisation hopitaltest-uac-4420-uac-01</b></p><a name=\"hopitaltest-uac-4420-uac-01\"> </a><a name=\"hchopitaltest-uac-4420-uac-01\"> </a><div style=\"display: inline-block; background-color: #d9e0e7; padding: 6px; margin: 4px; border: 1px solid #8da1b4; border-radius: 5px; line-height: 60%\"><p style=\"margin-bottom: 0px\"/><p style=\"margin-bottom: 0px\">Profil: <a href=\"StructureDefinition-fr-core-organization-uac.html\">FR Core Organization UAC Profile</a></p></div><p><b>FR Core Organization Short Name Extension</b>: UF Dialyse</p><p><b>Extension Definition for Organization.description for Version 5.0</b>: UF Dialyse - Utilisation de l'hémodialuse</p><blockquote><p><b>Organization Period</b></p><ul><li>start: 2023-01-01 00:00:00+0100</li></ul></blockquote><p><b>fr/ig/fhir/core/StructureDefinition/fr-core-organization-care-rate-extension</b>: E2</p><p><b>identifier</b>: <code>http://hopitalTest.fr/namingsystem/organization</code>/4220-01\u00a0(utilisation :\u00a0official,\u00a0)</p><p><b>type</b>: <span title=\"Codes :{https://hl7.fr/ig/fhir/core/CodeSystem/fr-core-cs-v2-3307 UAC}\">UAC</span></p><p><b>name</b>: UAC 01 Dialyse</p><p><b>partOf</b>: <a href=\"Organization-hopitaltest-uf-4420-dialyse.html\">Organization UF Dialyse</a></p></div>"
  },
  "extension" : [{
    "url" : "https://hl7.fr/ig/fhir/core/StructureDefinition/fr-core-organization-short-name",
    "valueString" : "UF Dialyse"
  },
  {
    "url" : "http://hl7.org/fhir/5.0/StructureDefinition/extension-Organization.description",
    "valueString" : "UF Dialyse - Utilisation de l'hémodialuse"
  },
  {
    "extension" : [{
      "url" : "start",
      "valueDateTime" : "2023-01-01T00:00:00+01:00"
    }],
    "url" : "http://hl7.org/fhir/StructureDefinition/organization-period"
  },
  {
    "url" : "https://hl7.fr/ig/fhir/core/StructureDefinition/fr-core-organization-care-rate-extension",
    "valueString" : "E2"
  }],
  "identifier" : [{
    "use" : "official",
    "system" : "http://hopitalTest.fr/namingsystem/organization",
    "value" : "4220-01"
  }],
  "type" : [{
    "coding" : [{
      "system" : "https://hl7.fr/ig/fhir/core/CodeSystem/fr-core-cs-v2-3307",
      "code" : "UAC"
    }],
    "text" : "UAC"
  }],
  "name" : "UAC 01 Dialyse",
  "partOf" : {
    "reference" : "Organization/hopitaltest-uf-4420-dialyse"
  }
}