{
  "resourceType" : "Organization",
  "id" : "hopitaltest-uf-4701-endocrino-diab",
  "meta" : {
    "profile" : ["https://hl7.fr/ig/fhir/core/StructureDefinition/fr-core-organization-uf"]
  },
  "text" : {
    "status" : "extensions",
    "div" : "<div xmlns=\"http://www.w3.org/1999/xhtml\"><p class=\"res-header-id\"><b>Narratif généré : Organisation hopitaltest-uf-4701-endocrino-diab</b></p><a name=\"hopitaltest-uf-4701-endocrino-diab\"> </a><a name=\"hchopitaltest-uf-4701-endocrino-diab\"> </a><div style=\"display: inline-block; background-color: #d9e0e7; padding: 6px; margin: 4px; border: 1px solid #8da1b4; border-radius: 5px; line-height: 60%\"><p style=\"margin-bottom: 0px\"/><p style=\"margin-bottom: 0px\">Profil: <a href=\"StructureDefinition-fr-core-organization-uf.html\">FR Core Organization UF Profile</a></p></div><p><b>FR Core Organization Short Name Extension</b>: UF Endocrino Diabeto</p><p><b>Extension Definition for Organization.description for Version 5.0</b>: UF Endocrinologie et Diabétologie, spécialisée dans la prise en charge des patients diabétiques et endocriniens.</p><blockquote><p><b>Organization Period</b></p><ul><li>start: 2023-01-01 00:00:00+0100</li></ul></blockquote><p><b>fr/ig/fhir/core/StructureDefinition/fr-core-organization-uf-indicateur-extension</b>: <span title=\"Codes :{https://hl7.fr/ig/fhir/core/CodeSystem/fr-core-cs-uf-indicateur HEB}\">Hébergement</span></p><p><b>identifier</b>: <code>http://hopitalTest.fr/namingsystem/organization</code>/4701\u00a0(utilisation :\u00a0official,\u00a0)</p><p><b>type</b>: <span title=\"Codes :{https://hl7.fr/ig/fhir/core/CodeSystem/fr-core-cs-v2-3307 UF}\">UF</span></p><p><b>name</b>: UF Endocrino Diabeto</p><h3>Contacts</h3><table class=\"grid\"><tr><td style=\"display: none\">-</td><td><b>Telecom</b></td></tr><tr><td style=\"display: none\">*</td><td>ph: 84701(Work)</td></tr></table></div>"
  },
  "extension" : [{
    "url" : "https://hl7.fr/ig/fhir/core/StructureDefinition/fr-core-organization-short-name",
    "valueString" : "UF Endocrino Diabeto"
  },
  {
    "url" : "http://hl7.org/fhir/5.0/StructureDefinition/extension-Organization.description",
    "valueString" : "UF Endocrinologie et Diabétologie, spécialisée dans la prise en charge des patients diabétiques et endocriniens."
  },
  {
    "extension" : [{
      "url" : "start",
      "valueDateTime" : "2023-01-01T00:00:00+01:00"
    }],
    "url" : "http://hl7.org/fhir/StructureDefinition/organization-period"
  },
  {
    "url" : "https://hl7.fr/ig/fhir/core/StructureDefinition/fr-core-organization-uf-indicateur-extension",
    "valueCodeableConcept" : {
      "coding" : [{
        "system" : "https://hl7.fr/ig/fhir/core/CodeSystem/fr-core-cs-uf-indicateur",
        "code" : "HEB",
        "display" : "Hébergement"
      }]
    }
  }],
  "identifier" : [{
    "use" : "official",
    "system" : "http://hopitalTest.fr/namingsystem/organization",
    "value" : "4701"
  }],
  "type" : [{
    "coding" : [{
      "system" : "https://hl7.fr/ig/fhir/core/CodeSystem/fr-core-cs-v2-3307",
      "code" : "UF",
      "display" : "Unité fonctionnelle"
    }],
    "text" : "UF"
  }],
  "name" : "UF Endocrino Diabeto",
  "contact" : [{
    "telecom" : [{
      "system" : "phone",
      "value" : "84701",
      "use" : "work"
    }]
  }]
}