{
  "resourceType" : "CodeSystem",
  "id" : "fr-core-cs-type-admission",
  "meta" : {
    "profile" : ["http://hl7.org/fhir/StructureDefinition/shareablecodesystem"]
  },
  "text" : {
    "status" : "generated",
    "div" : "<div xmlns=\"http://www.w3.org/1999/xhtml\"><p>This case-sensitive code system <code>https://hl7.fr/ig/fhir/core/CodeSystem/fr-core-cs-type-admission</code> defines the following codes:</p><table class=\"codes\"><tr><td style=\"white-space:nowrap\"><b>Code</b></td><td><b>Display</b></td></tr><tr><td style=\"white-space:nowrap\">RM<a name=\"fr-core-cs-type-admission-RM\"> </a></td><td>Rétrocession de médicament</td></tr><tr><td style=\"white-space:nowrap\">IE<a name=\"fr-core-cs-type-admission-IE\"> </a></td><td>Prestation inter-établissements</td></tr></table></div>"
  },
  "url" : "https://hl7.fr/ig/fhir/core/CodeSystem/fr-core-cs-type-admission",
  "version" : "2.0.0-ballot",
  "name" : "FRCoreCodeSystemTypeAdmission",
  "title" : "FR Core CodeSystem Type Admission",
  "status" : "draft",
  "experimental" : false,
  "date" : "2024-02-20T11:36:44+01:00",
  "publisher" : "Interop'Santé",
  "contact" : [{
    "name" : "Interop'Santé",
    "telecom" : [{
      "system" : "url",
      "value" : "http://interopsante.org/"
    }]
  },
  {
    "name" : "InteropSanté",
    "telecom" : [{
      "system" : "email",
      "value" : "fhir@interopsante.org",
      "use" : "work"
    }]
  }],
  "description" : "Admission type",
  "jurisdiction" : [{
    "coding" : [{
      "system" : "urn:iso:std:iso:3166",
      "code" : "FR",
      "display" : "France"
    }]
  }],
  "caseSensitive" : true,
  "content" : "complete",
  "count" : 2,
  "concept" : [{
    "code" : "RM",
    "display" : "Rétrocession de médicament"
  },
  {
    "code" : "IE",
    "display" : "Prestation inter-établissements"
  }]
}