{
  "resourceType" : "ValueSet",
  "id" : "fr-core-vs-cog-commune-pays",
  "meta" : {
    "profile" : ["http://hl7.org/fhir/StructureDefinition/shareablevalueset"]
  },
  "text" : {
    "status" : "generated",
    "div" : "<div xmlns=\"http://www.w3.org/1999/xhtml\"><p>This value set includes codes based on the following rules:</p><ul><li>Include all codes defined in <code>https://mos.esante.gouv.fr/NOS/TRE_R13-CommuneOM/FHIR/TRE-R13-CommuneOM</code></li><li>Include all codes defined in <a href=\"https://interop.esante.gouv.fr/ig/nos/1.1.0/CodeSystem-TRE-R20-Pays.html\"><code>https://mos.esante.gouv.fr/NOS/TRE_R20-Pays/FHIR/TRE-R20-Pays</code></a></li></ul></div>"
  },
  "extension" : [{
    "url" : "http://hl7.org/fhir/StructureDefinition/valueset-warning",
    "valueMarkdown" : "Types are for general categories of identifiers. See [the identifier registry](identifier-registry.html) for a list of common identifier systems"
  }],
  "url" : "https://hl7.fr/ig/fhir/core/ValueSet/fr-core-vs-cog-commune-pays",
  "version" : "2.0.0-ballot",
  "name" : "FRCoreValueSetCOGCommunePays",
  "title" : "FR Core ValueSet COG commune pays",
  "status" : "draft",
  "experimental" : false,
  "date" : "2024-02-20T11:21:14+01:00",
  "publisher" : "Interop'Santé",
  "contact" : [{
    "name" : "Interop'Santé",
    "telecom" : [{
      "system" : "url",
      "value" : "http://interopsante.org/"
    }]
  },
  {
    "name" : "InteropSanté",
    "telecom" : [{
      "system" : "email",
      "value" : "fhir@interopsante.org",
      "use" : "work"
    }]
  }],
  "description" : "Value set town and country COG",
  "jurisdiction" : [{
    "coding" : [{
      "system" : "urn:iso:std:iso:3166",
      "code" : "FR",
      "display" : "France"
    }]
  }],
  "compose" : {
    "include" : [{
      "system" : "https://mos.esante.gouv.fr/NOS/TRE_R13-CommuneOM/FHIR/TRE-R13-CommuneOM"
    },
    {
      "system" : "https://mos.esante.gouv.fr/NOS/TRE_R20-Pays/FHIR/TRE-R20-Pays"
    }]
  }
}