{
  "resourceType" : "ValueSet",
  "id" : "fr-core-vs-practitioner-role-profession",
  "meta" : {
    "profile" : ["http://hl7.org/fhir/StructureDefinition/shareablevalueset"]
  },
  "text" : {
    "status" : "generated",
    "div" : "<div xmlns=\"http://www.w3.org/1999/xhtml\"><p>This value set includes codes based on the following rules:</p><ul><li>Include all codes defined in <a href=\"https://interop.esante.gouv.fr/ig/nos/1.1.0/CodeSystem-TRE-G15-ProfessionSante.html\"><code>https://mos.esante.gouv.fr/NOS/TRE_G15-ProfessionSante/FHIR/TRE-G15-ProfessionSante</code></a></li><li>Include all codes defined in <a href=\"https://interop.esante.gouv.fr/ig/nos/1.1.0/CodeSystem-TRE-R95-UsagerTitre.html\"><code>https://mos.esante.gouv.fr/NOS/TRE_R95-UsagerTitre/FHIR/TRE-R95-UsagerTitre</code></a></li><li>Include all codes defined in <a href=\"https://interop.esante.gouv.fr/ig/nos/1.1.0/CodeSystem-TRE-R94-ProfessionSocial.html\"><code>https://mos.esante.gouv.fr/NOS/TRE_R94-ProfessionSocial/FHIR/TRE-R94-ProfessionSocial</code></a></li><li>Include all codes defined in <a href=\"https://interop.esante.gouv.fr/ig/nos/1.1.0/CodeSystem-TRE-R291-AutreProfession.html\"><code>https://mos.esante.gouv.fr/NOS/TRE_R291-AutreProfession/FHIR/TRE-R291-AutreProfession</code></a></li></ul></div>"
  },
  "url" : "https://hl7.fr/ig/fhir/core/ValueSet/fr-core-vs-practitioner-role-profession",
  "version" : "2.0.0-ballot",
  "name" : "FRCoreValueSetPractitionerRoleProfession",
  "title" : "FR Core ValueSet PractitionerRole Profession",
  "status" : "draft",
  "experimental" : false,
  "date" : "2024-02-20T11:21:14+01:00",
  "publisher" : "Interop'Santé",
  "contact" : [{
    "name" : "Interop'Santé",
    "telecom" : [{
      "system" : "url",
      "value" : "http://interopsante.org/"
    }]
  },
  {
    "name" : "InteropSanté",
    "telecom" : [{
      "system" : "email",
      "value" : "fhir@interopsante.org",
      "use" : "work"
    }]
  }],
  "description" : "The profession(s) of the practitioner.",
  "jurisdiction" : [{
    "coding" : [{
      "system" : "urn:iso:std:iso:3166",
      "code" : "FR",
      "display" : "France"
    }]
  }],
  "immutable" : true,
  "compose" : {
    "include" : [{
      "system" : "https://mos.esante.gouv.fr/NOS/TRE_G15-ProfessionSante/FHIR/TRE-G15-ProfessionSante"
    },
    {
      "system" : "https://mos.esante.gouv.fr/NOS/TRE_R95-UsagerTitre/FHIR/TRE-R95-UsagerTitre"
    },
    {
      "system" : "https://mos.esante.gouv.fr/NOS/TRE_R94-ProfessionSocial/FHIR/TRE-R94-ProfessionSocial"
    },
    {
      "system" : "https://mos.esante.gouv.fr/NOS/TRE_R291-AutreProfession/FHIR/TRE-R291-AutreProfession"
    }]
  }
}